f1,f2,f3,f4,f5,f6,f7,f8,f9,f10
74561,ask,992,LT,4059 Michelle,2268563,100-663-87,both,8599 Johnson Pike Su,modern
46594,stuff,357,GN,291 Wright Ga,8686263,469-143-29,deal,5382 Kenneth Isle Su,young
98330,police,712,TA,1079 Perez Kn,6188050,+1-632-960,both,12769 Clark Circles,image
65656,respond,883,EP,17879 Howard,1586394,763.122.63,side,123 Fowler Burg Apt.,mission
11931,sometimes,524,HK,67280 William,8024652,(732)380-5,store,0134 Pearson Fords A,clearly
78196,care,858,AW,76716 Tyler P,8263941,(193)152-3,throw,6791 Smith Ford Suit,represent
49206,gas,139,CG,691 Cox Locks,1857409,898-663-78,resource,14281 Robin Stream A,dark
18439,against,620,PX,471 Lisa Vall,1591777,005.900.75,party,"PSC 7286, Box 5904 A",subject
68492,meeting,801,KP,"PSC 4546, Box",2398411,961.524.68,traditiona,85943 Karen Lakes Ap,price
80756,style,114,RQ,12191 Melissa,8034057,001-152-47,news,003 West Radial Suit,respond
77888,recognize,225,FY,2528 Justin F,5477473,4334388738,cover,13040 Hoover Orchard,floor
71950,mean,799,RJ,58621 Miller,3486778,+1-490-037,like,63342 Bonilla Ridges,role
52283,near,610,DO,Unit 0748 Box,5582827,549-597-86,decade,897 Chan Walks New A,one
88909,eye,283,VZ,41926 Sean Pl,7856638,790-727-66,federal,8755 Nicole Fort Apt,why
25124,threat,481,PX,599 Green Gle,6879490,001-110-21,community,35444 Watson Hills S,magazine
60280,month,209,KV,66223 Knight,3220916,710-833-70,onto,1717 Cunningham Key,admit
24980,service,643,QW,62144 Drew Fo,7156004,(072)493-3,method,4360 Martin Curve La,truth
99708,between,837,FB,82158 Stewart,7443902,001-203-99,network,0200 Clark Keys Suit,break
92401,check,921,WJ,1563 Patricia,1832216,(254)891-3,natural,08047 Young Freeway,vote
28420,trial,395,BM,063 Gary Stat,7718872,(597)811-9,require,851 Berg Vista Suite,newspaper
39550,need,402,XC,2396 Bryan Fo,4841752,608-785-32,reduce,Unit 6587 Box 7247 D,might
26832,enough,329,DV,"PSC 4513, Box",8601352,(838)210-0,politics,667 Benton Lights Ea,write
59517,home,336,RX,7553 Jessica,8820902,326-740-97,keep,384 Mejia Neck South,program
63373,increase,946,GM,920 Jones Roa,3833323,+1-415-313,against,08826 Wallace Pines,away
54318,enter,929,OK,90601 Harris,6053943,8565519431,century,0991 Julie Course Ap,director
34236,even,733,NU,67714 Jones M,2396709,142.485.62,these,37825 Megan Terrace,matter
24945,memory,727,LP,6239 Jacob St,9194644,+1-110-912,reduce,06049 Michael Hill A,me
57153,service,246,DC,367 Lee Vista,7831998,(917)959-4,vote,287 Turner Streets S,single
21093,garden,251,OV,66697 Alexand,2689467,969-955-25,now,0900 Rodriguez Land,well
21555,not,364,AP,6625 Diaz Clu,6859198,774.549.00,hair,219 Baker Crossroad,bag
42877,picture,153,HG,6145 Olivia C,4531004,+1-275-204,share,25093 James Ports Ap,event
93852,later,861,MX,66268 Emily B,7609041,001-034-00,happy,9680 Jose Estate Sou,music
46855,certainly,186,UH,78122 Rios Ri,1886406,(545)521-1,rate,901 Nicholas Ports A,something
22973,ok,700,MY,2632 Walton G,4960353,001-872-93,light,Unit 5022 Box 1139 D,nation
80773,include,486,CW,700 Ramirez G,1049727,+1-132-395,take,01069 Emily Road All,hold
23978,million,359,WF,622 Wood Ferr,9576764,(220)742-3,market,92660 Walker Lodge N,once
45534,hospital,853,ML,Unit 5908 Box,1245461,+1-030-480,hospital,645 Tracy Plains Sui,senior
64221,common,793,JM,3594 Shelley,4121264,849-715-53,must,04921 Kim Junction P,parent
52517,fight,863,TZ,4820 Jacqueli,9458839,6784300866,can,Unit 1650 Box 9187 D,pay
77125,age,677,VY,4326 Bob Gard,1300553,626.605.65,benefit,4996 Michael Route A,item
73586,seek,890,XC,6765 Edward C,6390746,843-887-13,every,8896 Timothy Spur Ro,effort
76680,baby,991,JX,"PSC 6765, Box",4683499,635.397.63,there,93025 Glenn Drive Ne,turn
27267,treatment,245,QR,Unit 1146 Box,8559670,861.582.87,already,26522 Saunders Circl,try
31300,herself,555,EW,227 Stricklan,4234279,+1-176-108,at,07162 Karen Forest S,century
83107,take,683,LW,61848 Nancy C,5162822,223.028.38,star,67121 Gibson Shoal E,act
75630,boy,599,NC,1865 Gary Man,6458684,444-013-82,local,9961 Renee Mews Apt.,program
84488,garden,202,AP,7679 Nathan M,4273711,+1-773-403,person,842 Ayers Fork Suite,another
73444,throw,321,TM,110 Kyle Hill,5806610,429-190-64,suffer,4984 Jonathan Courts,although
94492,deep,363,XQ,69528 Emma Is,3523606,(698)094-0,new,975 Paul Road Suite,author
90532,back,957,TU,8672 Myers Es,2828330,343.275.70,operation,6711 Jeffrey Coves S,space
30004,soldier,521,LY,7660 Jennifer,4468888,(503)538-5,star,27103 Brown Point We,collection
69409,benefit,645,FG,08207 Rivera,6358308,+1-134-078,baby,08747 Allen Isle Nor,doctor
18602,artist,432,HF,"PSC 8783, Box",7092982,+1-335-032,simple,09499 Conner Forks N,measure
11038,what,679,TZ,93047 Christo,9899438,+1-467-713,record,6668 Kathryn Valleys,price
61208,wife,302,AI,8239 Thornton,9094498,018-621-85,green,Unit 4264 Box 9131 D,eat
97200,name,953,EX,5080 Kevin Ca,3693814,053-897-35,exist,8273 Amber Villages,protect
22156,design,518,JJ,02626 Ramirez,1817490,001-961-48,start,49219 Figueroa Branc,accept
37887,force,840,VP,626 Donaldson,4623471,+1-861-450,her,26455 Riley Shores S,daughter
60667,dark,315,TE,2315 Casey Br,9973130,887-218-72,us,2691 Anthony Crest D,ability
55065,boy,248,PZ,083 Stephenso,7381434,+1-143-116,commercial,56803 John Glen Apt.,draw
54583,surface,537,NN,5334 Guzman H,9074054,982.319.43,just,455 Mills Plain Port,store
83083,imagine,590,BO,1292 Alexa Gr,4310599,+1-229-598,drop,232 Parker Lane Step,business
92567,section,677,TI,201 Ritter Fe,9414558,208.321.73,score,46098 Wood Plaza Jes,once
93818,cold,528,BV,7464 Crystal,6966621,(894)325-9,national,4042 Adams Common Se,team
45313,action,729,GT,9698 Craig Is,9395105,001-508-39,developmen,1722 Ann Unions Suit,company
33621,seat,240,QB,"PSC 7178, Box",5421151,701-749-23,safe,8048 Amanda Extensio,walk
84141,his,182,PH,USNS Mejia FP,6163919,+1-456-522,language,44098 Jarvis Crest F,let
67840,turn,157,CP,2332 Dawson S,5838388,+1-486-336,strong,40607 Mary Views Jen,score
49101,across,216,MM,332 Moore Run,7196784,001-677-83,free,65957 Tucker Path Ap,production
97931,television,670,UX,210 Renee Ave,4719675,(706)525-4,skill,08552 Shelby Causewa,full
81528,part,847,LI,67218 Gary Is,3615260,989-156-42,direction,089 Stewart Points J,run
90939,view,546,WO,0737 Welch Bu,8885145,3443208420,myself,092 Patricia Plains,prepare
31824,professional,615,HP,1755 Graham C,9462460,909.333.62,trouble,5674 Cheryl Roads Ke,whether
74842,benefit,538,CJ,4998 Reeves I,7200857,765.741.36,forget,3808 Osborne Radial,leave
11325,up,948,QR,703 Amber Vie,6727460,639.926.15,high,6438 Vega Burgs Port,few
78911,add,222,GG,15508 Timothy,9543385,964.496.00,sister,USNV Riley FPO AE 64,rock
96046,debate,933,VK,860 Martinez,6421815,001-551-39,lose,704 Haley Freeway Ma,figure
85908,glass,366,NE,483 Williams,8409705,(099)746-4,technology,95148 Michael Lodge,firm
89681,future,723,CR,46628 Jason L,9253677,443.169.39,above,4758 James Fork Apt.,south
10331,science,437,VM,71621 Curtis,4569033,381.406.03,walk,697 Moore Highway Le,worker
65870,story,306,OQ,912 Jason For,5268460,550.328.78,various,7794 Garza Forges Ap,theory
51187,government,162,UN,91736 Maria G,8370436,1248417948,discussion,"PSC 0935, Box 0944 A",people
28047,statement,954,ZM,35726 Shah Dr,2382863,(890)139-4,attention,119 Rebecca Falls Su,per
36701,specific,419,PD,4113 Robert H,7095205,(786)921-2,case,929 Jones Grove Nort,reason
71856,agreement,887,JG,574 Janice Vi,9325990,566.243.78,page,515 Hopkins Spur Sui,trial
91933,once,144,YM,683 Jackson G,9653548,4696049002,fire,55586 Brandon Summit,form
17451,way,686,YI,72640 Cabrera,2647672,001-487-83,resource,327 Rebecca Ramp Sui,usually
93385,course,621,VA,USNS Johnston,1131041,040-725-69,dream,15416 Jamie Orchard,surface
76059,author,867,FA,924 Rebecca E,2857498,+1-985-747,Mr,42110 Johnson Causew,high
80166,sport,221,AP,947 Raymond M,9500699,001-269-24,order,5317 Thomas Bridge A,than
31657,notice,207,HK,29170 Nicole,5740507,137-559-37,side,1724 Ross Vista East,ask
45492,friend,147,DH,162 Sarah Isl,9961946,(818)656-1,fear,28450 Linda Flats Su,husband
48112,east,836,KH,"PSC 2963, Box",1382381,910-140-82,little,255 Torres Station M,others
29513,reality,750,SW,1677 Perkins,3804950,(019)340-9,financial,07784 Schwartz Dale,kitchen
36819,between,891,PN,147 Joseph Vi,4445824,937.823.33,off,967 Jeffrey Stream S,husband
25443,ability,576,CN,68799 Amy Cou,6777905,+1-585-025,what,USNS Hahn FPO AE 120,treat
17612,property,122,KB,76511 Paul Pl,2504391,482.275.70,street,0369 Anderson Shore,bed
63944,mouth,275,JZ,6624 Murphy I,1199336,435-666-81,bad,638 Simpson Haven Ap,decade
68328,stock,140,RH,43737 Shane U,2599126,(993)997-2,serious,4933 Estrada Roads E,door
66537,type,414,XA,042 Rodriguez,3457240,(649)850-6,ahead,8528 Suzanne Station,he
96055,voice,900,FV,Unit 4542 Box,6096815,(310)058-6,than,Unit 0407 Box 4754 D,forget
76015,movie,616,YI,334 Christoph,1727418,(604)704-6,already,75057 Nichole Route,figure
42130,doctor,257,WN,USNS Love FPO,8187139,+1-696-144,myself,790 Peterson Mountai,me
32359,show,981,GP,491 Jennifer,1657436,212.444.47,doctor,515 Maynard Mews Sou,Mrs
76890,brother,394,HI,726 Parker Ga,5577505,(460)059-4,recent,5841 Clark Square Ap,ahead
27453,almost,751,LX,6085 Jeremy W,7661278,001-151-69,board,96528 Harris Plains,born
52286,left,141,AG,"PSC 9107, Box",9392315,837-040-17,although,7654 Alex Tunnel Apt,draw
30067,low,785,NN,517 Jared Par,5318523,559-589-26,check,63415 Smith Knoll Ap,account
59789,than,836,KK,4019 Floyd Lo,5395887,106-033-68,suggest,0207 Claire Vista Su,can
94802,science,882,BI,078 Justin St,7631369,+1-394-012,stuff,022 Obrien Locks Nor,brother
38671,after,853,XW,532 Carla Mea,5549343,872.174.12,write,56643 West Street Ap,walk
58959,debate,882,KB,0025 Eric Loc,2718898,091-547-16,do,84862 Steven Avenue,least
18130,evidence,248,QA,"PSC 0740, Box",3605721,001-316-21,finally,4209 Giles Gardens A,newspaper
54859,participant,818,AC,524 Abigail K,1647236,257.189.66,music,873 Nicole Circles S,unit
41819,board,520,TH,"PSC 5716, Box",7322353,305.170.18,our,727 Smith Tunnel Apt,response
93185,serious,724,AX,0379 Dorsey L,5436013,339-098-43,nice,56764 Johnson Strave,player
23502,spring,588,FP,318 Thomas Is,2205084,+1-351-702,side,19391 Singh Mill Por,thus
96579,time,792,ZA,7630 Gloria R,9761259,428-692-73,end,45400 Murphy Through,least
61045,authority,428,FN,959 Reyes Lod,2719384,+1-510-748,usually,1253 Frank Trail Sui,worker
52639,push,414,LL,1579 Lee Turn,6788863,+1-477-721,one,4792 Nelson Parks Su,edge
61399,difference,940,OV,32453 David F,9318604,001-272-55,listen,539 Erik Divide Lake,hand
39560,bit,572,EA,85517 Davis P,6904385,110-800-88,poor,385 Jaime Club Apt.,bill
93836,occur,354,FM,6658 Jamie Mi,7043137,001-462-05,at,358 Hernandez Courts,story
59081,reveal,172,HN,72527 Jillian,8383235,431.478.50,remember,5007 Walker Oval Mic,end
85499,weight,707,NY,0132 Randall,7545597,+1-179-580,call,668 Steven Crossing,word
92583,experience,428,UV,83171 Jennife,8014388,525.504.53,production,2786 Palmer Lights S,glass
79880,plant,614,PD,303 Calderon,4240550,517.398.65,smile,846 Prince Village A,nice
95199,station,400,UL,9786 Cortez W,7725923,(966)702-7,beautiful,Unit 8082 Box 7196 D,century
13982,certain,553,DJ,770 Jennifer,7739457,(806)223-8,base,00518 Taylor Manor A,loss
17171,significant,680,XH,553 Rodriguez,6931357,199-647-18,space,628 Olsen Estates Ly,house
96559,window,939,FC,448 Lindsey P,8407182,474-229-53,myself,4922 Brian Inlet Mye,your
49207,prove,506,WH,USNV Hebert F,8140539,(362)661-0,nice,4923 Navarro Points,pay
31105,dinner,527,XX,546 Smith For,1075269,+1-785-922,job,138 Gibson Crossing,final
67038,college,732,RR,06379 Larry S,6488983,454.260.74,be,41840 Cox Stream Sui,performance
98416,order,249,EA,2737 Smith Sq,7861451,092.229.20,response,988 Johnson Parkway,somebody
43432,group,804,GB,79350 Jackson,4008936,180-854-45,red,568 Jose Avenue Amym,organization
40583,wind,399,TI,9035 Robinson,4183579,+1-233-375,yet,Unit 1934 Box 1203 D,director
57231,resource,899,WN,6452 Ray Gree,3920052,(822)924-4,true,"PSC 1457, Box 5007 A",science
30447,this,947,OY,7439 Kathryn,4596606,141.489.73,our,05552 Paula Ports Je,institution
59533,everything,727,FS,USS Cruz FPO,7143162,214.530.35,simply,18293 Malone Neck Su,green
49357,general,538,ZX,480 Bartlett,2952011,173-979-72,despite,0417 Dylan Mount Zac,fish
93013,than,655,QE,313 Hill Corn,2505110,(535)548-0,second,6172 Crystal Lodge P,nor
68513,subject,309,VI,USNS Johnson,8724629,+1-345-799,factor,Unit 8455 Box 7924 D,she
48814,country,613,MD,88564 Edwards,3445333,038.518.51,assume,21991 Jonathan Track,movie
23983,speech,765,SN,40434 Christo,6206019,098-509-46,natural,492 Joshua Parkway S,job
36714,fight,203,XV,269 Smith Jun,9294987,926-929-65,race,016 Travis Common No,along
42175,name,346,KO,Unit 9203 Box,8479156,805.738.58,teacher,360 William Well Lak,leader
70265,half,759,HQ,67754 Jonatha,8157509,755.661.90,old,04334 Valentine Pass,along
62301,do,852,YH,787 Thomas Vi,8125406,(083)141-1,hotel,Unit 4728 Box 0588 D,among
17004,internationa,l46,6R,K4174 Rhonda,I374654,3+1-292-76,3cost,3002 Lisa Wells Ant,hseem
81558,identify,755,RR,560 Bobby For,2182595,(444)365-6,security,459 Stark Junctions,simply
56730,guy,165,SL,34067 Ashley,1487348,(608)092-6,their,8277 Logan Station A,discover
85876,particularly,868,MQ,924 Stevens V,4348705,(816)991-8,most,5638 Daniel Spurs Na,company
26599,town,464,PW,96481 Christo,4650738,897-786-39,expert,57793 Laura Light Ap,seem
34484,tax,223,BZ,6652 Stacy Ov,1619148,001-024-68,produce,1553 Cook Estates Va,protect
70467,control,644,JC,518 Cassandra,9313977,+1-033-817,fight,8321 Benton Key Herr,know
32054,network,197,KG,6367 David Cr,9936551,316-587-53,simply,39249 Blake Stream A,everyone
91838,news,694,WC,778 Hunt Turn,5751960,001-478-98,wall,"PSC 1609, Box 4911 A",space
94076,sort,639,DB,362 Carlos Ca,9144416,(680)365-3,yourself,"PSC 4354, Box 9591 A",leave
37326,physical,393,OC,0400 Compton,8840906,1227807719,worker,830 Alan Viaduct Har,democratic
81248,major,213,KX,9563 Jeffrey,5161951,632.321.67,watch,114 Johnny Mountain,two
59543,best,900,LX,937 Brenda Ra,6813920,(065)113-4,painting,59129 Grimes Springs,me
59579,safe,532,GU,389 Gomez Loc,9836539,+1-009-431,nice,954 Andrea Groves So,owner
54000,worker,309,NT,11719 Fitzger,2300924,078-744-88,dark,USCGC Smith FPO AP 5,possible
23355,weight,607,IS,376 Shepard F,1488641,7610536289,member,72426 Long Spurs Sui,explain
16206,strategy,312,QE,0114 David Hi,5795847,(344)185-7,majority,59735 Patrick Crossi,behavior
91732,low,622,FF,08778 Morgan,3221621,(430)303-1,main,0839 Lang Stravenue,price
33846,training,985,XT,4709 Alex Pas,2111115,(820)574-0,police,1923 Ramirez Junctio,eye
53299,Mr,215,DG,6438 Rodrigue,2880778,(057)146-1,energy,1174 Chambers Union,consumer
80453,school,892,RE,Unit 1083 Box,6512099,+1-825-378,city,304 Williams Vista S,almost
66888,child,461,QQ,89305 Ivan Mi,8225550,786.991.44,church,52783 Stephen Summit,experience
41606,over,868,FK,8264 Erica Ra,4966707,+1-923-550,us,2258 Justin Falls Po,start
40676,we,591,FD,47490 Jackson,3059757,001-679-43,own,91209 Wendy Fork Sui,mother
70015,popular,512,PS,65238 Angelic,2950668,624-564-82,common,856 Hanson Islands A,south
34970,already,337,JR,2700 Esparza,1805051,967-921-07,year,6681 Raymond Meadows,rather
45889,billion,671,BV,7265 Mckee Fo,3937830,233.151.31,quite,89151 Brewer Curve S,nearly
62591,Mr,936,YP,09572 Le Unio,9542439,+1-534-905,probably,"PSC 7907, Box 4861 A",single
29535,memory,311,GD,7582 Mary Lan,4947103,525-094-40,final,415 James Islands Su,single
22417,suddenly,501,FC,"PSC 3370, Box",9952820,879.969.12,safe,17556 Duncan Parks A,recognize
85637,big,780,BU,095 Trevor Sh,8187641,5841884925,identify,06800 Guzman Valleys,girl
62279,them,639,PK,35044 Griffit,3814790,451-522-99,baby,"PSC 8091, Box 1534 A",natural
40370,most,565,YA,127 Fernandez,7687912,001-097-09,page,66388 Joseph Haven S,back
59208,memory,832,VQ,11855 Bolton,9906354,(119)630-7,discussion,9206 Schroeder Forks,beautiful
37628,hundred,553,KC,521 Black Loo,6766213,684-902-37,turn,24702 Moore Hills Ap,day
38454,several,591,FF,89147 Richard,2260289,571-949-52,those,5946 Cindy Parkways,though
53835,drive,958,BJ,07481 Davis I,4881169,282.978.97,pay,"PSC 6195, Box 9526 A",long
96352,particular,612,MH,72713 Olson F,3018954,075.742.83,son,1801 Jessica Wells W,mean
36452,blue,233,OW,9493 Aimee St,2665315,756-666-83,specific,USNV Atkinson FPO AE,yard
97337,paper,689,HP,740 Amy Ports,9199744,081.119.17,player,75954 Lynch Canyon A,find
93631,system,278,RM,2489 Watts Ri,4660693,0481638335,believe,9549 Robert Parks Ho,support
41838,during,525,WL,7544 Harris D,2028294,735-280-55,wonder,Unit 2968 Box 7542 D,dream
33336,bill,958,VW,624 Amber Poi,5692148,001-699-21,fly,952 Peterson View No,sense
22204,question,357,MK,60935 Murphy,3425270,+1-101-589,here,499 Richards Village,reality
40986,total,871,QS,03488 Rojas F,7138210,409.104.47,on,89732 Grant Road Sui,history
32998,under,127,QT,62163 Rangel,8652748,(747)242-4,generation,USCGC Pham FPO AA 66,to
81628,value,252,FU,63599 Powell,9426039,167-538-25,like,48174 Angela Ramp Je,recent
36154,hair,493,TO,262 Ayala Tra,1192515,001-339-99,available,9437 Danielle Strave,technology
89562,man,463,OV,65474 Michael,5432694,269.640.01,every,01699 Jackson Parkwa,wall
34734,positive,500,RD,74792 Victori,9545838,(232)326-8,let,55072 Briggs Course,language
78113,space,363,YF,871 Jon Islan,1714425,732.537.92,position,890 Smith Square Sou,effort
65205,them,796,JN,884 Madden Pa,7652175,950-750-98,hit,21115 Oconnor Terrac,buy
97473,good,478,HR,71186 Young T,5076989,186-418-22,million,USS Collins FPO AP 9,foot
66212,what,841,BX,9844 Wright C,6253051,766.642.10,drop,83029 Rivera Cliff A,bad
68559,right,846,LD,86265 Gregory,8102656,+1-606-436,sing,835 Baker Turnpike A,memory
30263,a,847,BF,770 Debra Str,1995129,522.362.18,control,884 Freeman Street W,point
54673,next,302,YN,43045 James S,2020196,001-398-92,indicate,6283 Bowers Harbor D,since
36769,support,171,FI,30418 Ellis S,4971250,006-405-14,continue,07972 John Mountain,little
13664,young,593,XC,2265 Phillips,7721613,(305)138-2,when,9800 Woods Ways Apt.,sort
53844,who,409,FM,USNS Holt FPO,2296641,512-443-83,ten,Unit 3551 Box 7503 D,executive
21175,road,620,MM,38455 Gill St,1976311,8311644455,best,153 Donald Camp Apt.,lay
75518,class,658,QG,045 Kyle Fort,5384455,146.881.35,today,226 Williams Mount L,early
55398,on,966,VK,4611 Mclaughl,9060437,001-672-65,certain,227 White Skyway Apt,him
54172,character,800,HB,43608 Hines V,6749084,+1-202-658,remember,437 Christina Neck S,possible
25334,decide,595,VC,75734 Shaw Pa,7122870,+1-940-025,within,62076 Samantha Lodge,thousand
40997,everything,863,JU,74423 Valdez,5448230,(494)482-4,somebody,USNV Robinson FPO AP,piece
55004,like,685,SS,9696 Villarre,7816271,858-637-74,star,USNV Mahoney FPO AE,for
16005,lead,633,FC,60730 Gentry,3315825,(448)442-4,internatio,USS Cantrell FPO AP,address
47633,beat,893,RO,7601 Morrison,4864006,101-318-29,anyone,53628 Smith Camp Apt,summer
27416,present,833,UK,9599 Kenneth,8316184,001-852-37,or,987 Dunn Ranch North,thought
73022,south,656,DZ,452 Stein Fal,1557088,3775934181,player,579 Gina Inlet David,east
47271,nor,397,ED,"PSC 7035, Box",5044522,9076507625,his,28666 Frederick Ligh,choice
34139,team,349,KI,0538 Garcia K,3858267,887-860-18,list,0959 Jared Haven Lak,quality
31397,practice,358,YD,5598 Jones Pr,1069893,+1-851-907,table,7211 Marsh Passage R,story
97967,capital,646,JY,782 White Cou,8373570,(853)248-6,peace,39700 Alan Walk Apt.,house
66795,range,190,IF,241 Gonzalez,9353366,001-453-07,live,195 Marissa Vista An,director
14774,full,671,GN,5271 Matthew,1526974,+1-733-696,establish,782 Daniel Islands P,born
25161,cold,800,UK,53477 Ronald,3114874,5095615714,us,94680 Elizabeth Burg,government
86629,attorney,426,AR,4867 Harris T,6242585,+1-114-993,position,930 Holmes Plaza Apt,reach
61087,care,657,AB,01249 Gray St,9861143,+1-735-522,community,7422 Cain Isle Suite,hundred
59341,fire,734,LS,332 Nichole C,7418774,114.344.50,degree,20717 Bennett Lakes,parent
83730,worry,528,TS,14965 Craig P,5514661,926.302.82,also,187 Patrick Row New,factor
95138,range,555,TQ,62929 Carey V,1734679,001-068-20,technology,587 Kevin Ports New,career
61793,relationship,364,IM,0460 Horton C,6958493,001-927-68,sing,237 Julie Common Sui,study
47023,star,978,CE,05810 Morgan,7128078,001-775-42,give,6004 Philip Knolls S,watch
14724,do,206,HE,7029 Jackson,4641833,3572145123,ever,9247 Alexander Knoll,clear
12680,indicate,651,DJ,806 Tucker Dr,5261744,001-201-11,where,838 Jones Passage Su,own
41344,reveal,126,CV,8164 Brittany,1126045,068.127.96,back,4075 Matthew Isle Ba,attention
78388,staff,745,HY,83626 Webb Pi,7731558,(801)355-4,never,2885 Jason Avenue Cu,by
43589,present,689,RN,71403 Sexton,7271213,268.188.16,prove,1912 Mcguire Divide,budget
32384,choice,846,FO,90674 Sanders,6166931,+1-510-739,commercial,3618 Shannon Views A,time
49329,player,964,EG,69177 Wilson,2997985,1161830706,offer,"PSC 7145, Box 7475 A",he
74720,economic,278,WS,9023 Bell Pla,8500834,120-340-80,green,730 Valdez Skyway Sh,eat
69922,happy,856,NC,246 Calvin Ru,3243198,+1-655-498,here,637 Torres Mills Apt,spend
76329,less,178,PS,USNS Smith FP,9331085,805.390.44,hold,58608 Horton Route P,allow
47371,firm,979,KG,"PSC 2971, Box",7424015,974-551-03,want,04163 Christopher Bu,section
31371,must,276,YE,4342 Joshua W,4890348,972-369-07,service,57979 Brandon Drives,rise
43429,standard,450,DZ,69932 Stokes,7311705,684.941.79,so,9307 Watson Cape Hug,occur
20624,whole,962,BU,Unit 8895 Box,9511388,463-045-89,money,66558 Carolyn Knolls,page
57807,others,324,HI,221 Tanya Por,4127933,+1-009-605,meeting,25930 Harrison Pines,only
90609,away,347,IE,73343 Evelyn,7194102,(692)674-8,cut,8358 John Alley New,tell
70155,than,749,SG,91752 Monique,3723436,584.606.17,according,125 Tyler Causeway S,run
30705,billion,257,BE,51748 Mark Is,1953484,+1-046-101,itself,0612 William Circles,whole
41983,reason,444,OO,95682 Jones I,4542676,259-070-77,out,331 Erica Walk Suite,expert
48222,technology,656,VC,45843 Campbel,4051549,240-582-66,since,8392 Jackson Divide,some
14486,forward,791,II,90006 Cole Fi,5994082,935-397-32,than,370 Emily Prairie Le,news
36327,theory,986,KY,9304 Kelly Vi,6922221,3882467350,let,7449 Lisa Ferry Suit,foot
61534,next,338,KT,25846 Warren,3152876,001-490-12,skin,85475 Adam Motorway,respond
48051,Democrat,930,HT,1716 Lindsey,8302940,001-180-35,field,"PSC 6366, Box 4227 A",hour
21371,focus,853,FQ,4941 Williams,9646450,+1-668-063,example,072 Rice Mill Meliss,wear
34875,example,960,QW,Unit 4487 Box,9412708,6102736523,employee,09385 Wright Springs,short
94880,fast,151,PD,904 Larry Spu,5259255,864.481.21,other,668 Jacob Coves Suza,college
39131,film,431,YA,90188 Clarke,5868632,512-527-56,current,973 Mark Summit Suit,hope
74602,occur,510,EG,631 Angela Vi,2143733,9726461782,project,1258 Reynolds Manors,play
58045,collection,277,ZU,2742 Alexande,6631748,+1-367-516,small,66678 Heidi Motorway,economic
70195,it,866,FD,"PSC 5905, Box",8510810,015-183-85,theory,908 Julia Extensions,sing
60906,seat,180,YZ,USCGC Sulliva,7352835,+1-161-444,test,595 Contreras Hill P,voice
28747,our,624,XD,"PSC 7142, Box",9908755,485-572-72,election,189 Perez Mountains,system
35901,recognize,341,WP,49396 Heather,8326062,(619)129-5,leave,68719 Stein Estate A,stuff
11632,little,358,AL,88416 Geoffre,9743785,001-355-57,media,60412 Heidi Lakes Mi,prove
29682,people,977,JG,8972 Raymond,4276610,(743)887-0,person,3526 Amanda Turnpike,quickly
40067,pull,969,IC,02086 Schwart,4037281,736.297.27,include,35237 David Heights,sport
15197,economic,531,YH,3427 Jane Dam,1288494,+1-521-593,get,19045 Frederick Cove,offer
46211,particular,564,RR,02158 Cook Cu,4259738,527-293-41,friend,79754 Jill Parkways,put
21778,modern,735,KF,06090 Mary St,9275834,9999119718,sell,79754 Spencer Garden,hundred
39329,environment,960,YC,51513 Gray Fo,6698514,001-588-90,myself,81454 Tonya Hills Su,anything
69733,suggest,991,LM,36287 Beth Sq,5749036,(763)867-0,perform,5274 Adrian Road Apt,effect
52942,despite,493,XI,0251 Victoria,5615889,(978)754-9,case,4758 Johnson Ridges,former
45069,make,779,OL,8771 Derrick,6579750,+1-503-344,very,4782 Justin Burg New,no
30051,get,193,NA,335 Faulkner,1287087,(948)342-2,hot,6424 Benjamin Walk E,film
65752,defense,141,TS,584 Tiffany V,1213967,217-667-68,rate,291 Brooke Fall Wrig,finish
88678,recognize,620,YH,Unit 9382 Box,6390984,492-762-92,there,5248 Jason Lights Fr,kitchen
42248,until,693,CE,"PSC 5460, Box",8579722,535.429.95,whether,515 Davis Islands Su,loss
56227,necessary,594,KD,8580 Holloway,3396995,4181134488,involve,762 Thomas Mountains,together
24584,hear,411,UP,26405 Walker,6247671,503-540-86,meet,4281 Rhonda Glens Gi,maintain
43896,radio,508,DB,673 Short Inl,3039972,(758)427-8,official,304 Oneal Parkways A,traditional
32084,process,222,DT,89820 Boyd Ca,5609527,(666)297-6,produce,USNS Bartlett FPO AA,within
39733,suggest,508,DR,386 Johnson T,5977595,001-929-10,know,628 Haynes Hollow Po,modern
28936,lawyer,865,IH,8497 Smith Sh,3603738,001-409-97,arm,94406 Reginald Villa,worker
24149,music,135,IZ,8934 Felicia,1805842,+1-849-039,role,451 Andrea Spring Ea,provide
67227,population,376,MY,2373 Danielle,6038639,945-271-18,song,0931 Moore Lane Lake,performance
26112,learn,318,UQ,753 Reed Rapi,9553606,609.761.69,total,70961 Walter Course,first
85097,safe,403,JS,75663 James R,2242588,030-490-70,plant,3200 Caitlin Burg Ap,environmental
62941,represent,217,GA,2499 Lawson B,1998543,371.288.76,trial,9921 Frazier Spurs A,medical
14185,drug,238,RQ,396 Woodward,2321414,5124576150,wait,Unit 8639 Box 8528 D,billion
65872,parent,540,VL,USNS Ellison,1263928,+1-396-820,eight,9000 Griffin Vista A,cup
79440,threat,236,PG,5765 Evan Wel,3541881,900-932-73,able,2261 Mejia Plains Ke,nothing
71931,wrong,698,WV,68543 Copelan,5910866,001-816-66,phone,7037 Shane Ports Sui,special
99009,painting,524,KF,USNV Rios FPO,5547996,(720)717-7,wonder,11874 Jack Ramp Port,happen
97584,run,160,VS,297 Miller Pl,2896043,487-372-26,employee,769 Samuel Run Apt.,fly
24729,then,602,GB,37005 Welch C,9854462,9808983025,take,66311 Rogers Cliff A,determine
97930,color,591,GO,5001 Martin R,6752383,(654)046-9,reflect,76459 Kristy Canyon,part
82293,outside,780,ZW,46412 Melissa,9300503,881.556.38,whole,0779 Garner Road Jen,per
19338,throughout,681,AW,94581 Harris,8043165,001-701-58,dark,1085 Mejia Trace Apt,hundred
89094,agreement,465,GD,734 Mitchell,3113019,001-807-33,design,845 Gordon Circles A,environment
89986,protect,331,UZ,4144 Jason Po,7190574,001-202-37,article,5917 West Valley New,against
56315,stay,225,EJ,5224 Jennifer,8571422,619-180-46,themselves,"PSC 6470, Box 5445 A",address
46636,himself,552,AG,"PSC 0574, Box",2598357,833.594.75,turn,0363 Tony Rue Suite,yard
82476,people,335,NT,"PSC 4705, Box",1858083,+1-536-940,wear,Unit 0535 Box 0196 D,weight
48217,writer,213,GX,USNS Turner F,4557687,599-328-66,other,25808 Carter Pass Ap,miss
40335,ball,341,SY,4233 Hall Poi,5703232,+1-900-121,whose,15604 Davis Knoll Ap,vote
48009,run,519,BA,229 Jennifer,3221285,0916454481,conference,245 Jonathan Lane Ap,expect
20890,industry,549,NN,"PSC 8591, Box",3563034,(911)680-8,involve,49780 Paul Underpass,alone
12443,specific,477,WG,96744 Shelby,7186890,+1-789-494,most,368 Hood Causeway Ap,various
15501,imagine,348,SP,179 Salinas C,6972259,501.687.11,couple,803 Armstrong Mall S,play
73674,interesting,507,HC,1386 George F,2118099,(382)303-5,player,USNS Olson FPO AP 62,real
11647,affect,570,GG,65333 Guzman,8566419,591-693-18,plant,15085 Jensen Spring,part
32512,beautiful,330,YX,73610 Roberts,7570798,001-745-04,role,50865 Kathleen Well,finally
26127,step,425,HP,"PSC 3314, Box",1722921,001-191-38,on,7098 Davis Mission W,and
30195,source,830,TQ,368 Hayes Sho,9468759,668-780-50,play,USS Glenn FPO AP 465,my
43856,evidence,762,ER,2776 Callahan,1743757,1905867033,lot,172 Jennifer Mill Sa,available
20567,behind,305,SQ,367 Sally Loa,1798688,+1-056-220,east,569 Weaver Plaza Dal,day
74828,water,609,YK,93482 Nichols,3354102,001-546-01,option,56808 Sharon Freeway,form
16301,item,783,JY,84992 Douglas,6033799,783-622-39,cover,6094 Hunter Throughw,explain
18771,wrong,269,TO,454 Reese Pra,3902945,(562)428-6,argue,318 Scott Forks West,push
73477,into,141,CP,632 Rodriguez,4233187,001-884-86,parent,878 Lane Crossroad A,move
25284,decision,760,RM,USNS Lawson F,9250356,+1-709-452,impact,24112 John Prairie W,tree
97688,size,573,YT,16766 Mcconne,6428931,928-662-88,inside,Unit 0379 Box 3539 D,head
42207,talk,905,QM,4111 Lynch Lo,9384532,410.405.53,range,USCGC Anderson FPO A,event
83483,house,175,RL,551 Allen Str,2307134,056.661.98,member,18565 James Terrace,free
82224,mouth,511,SC,2068 Barbara,2622710,393-236-24,base,789 Barnett Fork Apt,everyone
25653,let,217,CB,54667 Taylor,2793496,(589)688-9,those,8061 Diane Light Lak,top
12214,lawyer,375,IC,357 Richard T,5164913,578-065-06,lose,600 Tommy View South,investment
51530,memory,175,GH,0463 Luis Wel,1295381,603-804-21,political,613 Richards Dale Ap,seem
48044,account,655,ZQ,061 Wilson Ce,6153717,(696)672-0,least,736 Marsh Fort Suite,reveal
52384,race,898,WQ,251 Kennedy C,3441261,(592)739-0,high,791 Reynolds Shore M,change
63228,agree,153,OW,62403 Valdez,4907244,001-865-06,set,9841 Joanna Falls Su,adult
86909,sea,288,XV,272 Mcclain K,4264484,343-060-74,sister,719 Angela Forge Apt,camera
27942,region,364,QY,0294 Margaret,7724774,(542)570-8,interest,6085 Johnson Landing,parent
96881,listen,319,HU,146 Jennifer,5407272,001-302-84,point,372 Thomas Junction,group
72213,PM,368,AT,726 Gallegos,5670110,(468)384-1,model,0461 Meza Cliffs Sui,instead
89433,nice,326,LT,USNS Butler F,1125124,998-213-12,one,25092 Ryan Port Ashl,increase
10742,allow,768,CU,184 Graham Su,7345846,001-579-88,animal,2965 Carey Camp Apt.,task
98808,themselves,550,LU,0926 Floyd Po,6265761,631-522-35,radio,2219 Kathryn Path Su,fear
39748,city,848,PE,3692 Hanson V,8081030,+1-340-604,physical,896 Michelle Squares,to
41403,mention,602,OP,31881 Nichola,2173030,125-870-44,since,537 Natalie Neck Jes,garden
46923,measure,508,KK,370 William C,4256042,651-757-09,base,2823 James Light Sui,crime
10833,star,156,PN,685 Diaz Isla,5448541,001-997-89,prove,2426 Paul Summit Por,nation
59616,food,466,KL,6248 Miller D,7845159,001-291-70,take,90521 Schmidt Overpa,standard
37552,scientist,400,SS,78351 Doyle R,5033823,660-469-14,article,8458 Powell Lock Sou,more
57717,student,827,MK,682 Kennedy S,9544704,2258677883,paper,3630 Stone Rapid Apt,specific
12423,market,848,QN,11830 Tucker,5410065,001-732-37,statement,1721 Jarvis Roads No,bit
49087,morning,236,RI,7163 Dylan Fr,9455902,0488634567,piece,38668 Santiago Prair,medical
58479,yet,239,GD,3864 Brendan,7020664,(313)044-6,until,3055 Bob Mountains P,you
40979,data,514,NN,Unit 7169 Box,8512903,(529)926-4,learn,101 Joshua Extension,during
52959,maintain,454,RD,857 Ochoa Pin,5159177,664.209.86,generation,95921 Sean Courts Ap,production
28507,break,491,AC,9281 Hill Loc,5585248,5614392988,though,27906 Mccarty Mews A,next
33747,ask,812,XG,855 Kaitlin L,7163021,284-533-35,feel,807 Erik Way North J,baby
82571,low,474,DY,8017 Sue Flat,9522673,461-798-40,party,99873 Jeffery Brooks,meet
57477,source,257,TT,"PSC 6065, Box",1910368,619.702.45,by,939 Carl Dam Buchana,early
14408,store,531,MA,48982 Estrada,6025915,969-751-18,or,9797 Mccoy Run West,social
62726,because,567,CR,79140 Walker,5191214,+1-564-032,health,32294 Jessica Expres,option
49810,training,264,KW,84321 Lee Pla,3895035,447.877.84,top,3177 Susan Harbors A,police
27621,spend,347,FP,50066 Robert,4886468,103.996.65,become,76112 Guzman Junctio,end
29068,call,834,VQ,11043 Edwards,7602497,206-954-40,speech,165 Knight Mills Nor,item
39260,pretty,261,OB,542 Alvarez M,8196661,001-696-10,know,8453 Miller Mall Sui,option
60401,billion,433,QB,USCGC Webb FP,5237074,6231816743,process,508 Mason Locks Smit,artist
27537,drive,578,ZK,9301 Valdez P,8619224,001-297-18,head,794 Wilcox Stream Ap,concern
28420,car,890,IF,140 Jackson G,2362007,001-799-62,show,382 Joshua Junctions,relationship
65236,loss,565,PL,90163 Kelly S,4349166,032-436-86,size,87377 Steven Island,let
93954,the,914,TB,8051 Guzman D,3238588,1863446690,force,58412 Mckay Shore Ea,dog
47864,visit,813,DE,6259 Boyle Po,7240969,001-916-74,fight,9447 Brian Fields Ap,outside
92719,similar,946,NU,80013 Eric La,1653928,605.503.78,eye,21228 Amanda Stream,way
22680,end,752,FT,6164 Davis Wa,4548262,609.762.28,resource,002 Townsend Springs,Mr
83896,small,948,HQ,6485 Timothy,5085886,(295)539-6,some,51940 Lee Burgs Suit,interview
95724,evidence,248,AX,4295 Butler E,8686985,+1-537-108,later,799 James Canyon Sui,must
51986,energy,596,XL,Unit 0659 Box,6165597,129-935-02,arm,44745 Bailey Haven S,road
30157,center,790,XN,22148 Saunder,3438695,+1-253-926,than,0336 Richmond Square,future
26263,to,500,ZQ,70260 Ward Ro,1340482,331-587-65,rather,38708 Ortiz Forest S,next
53980,another,203,YN,5319 Pierce S,6006198,562.452.62,education,00839 Henderson Club,indeed
78577,worry,580,JK,92720 Roberts,1115562,560.689.92,outside,38364 David Isle Sui,official
31608,blue,458,BX,036 Terri Squ,6161222,+1-493-328,American,79220 Laura Garden A,through
93947,drug,909,GK,979 Morgan Is,9831719,875.991.88,significan,760 Keith Islands Kr,herself
94981,network,150,FG,169 Robert Cr,1092422,+1-618-608,popular,5851 Collins Mission,sure
37258,positive,389,BG,32294 William,6199377,863-907-39,second,8937 Howard Vista Er,by
14232,garden,364,CC,69165 Moore R,1633837,504.490.14,foreign,Unit 5344 Box 5364 D,must
73236,subject,518,MP,19316 Marshal,2172548,001-136-87,protect,927 Anderson Overpas,similar
36975,none,266,MI,Unit 5424 Box,8189813,988.610.47,tell,14956 Meyer Estates,report
79167,boy,252,IR,84935 Natalie,8247603,001-524-24,score,017 Heather Trace We,low
68203,fast,179,KL,0530 Alyssa R,3517511,064-910-29,before,14981 Evans Mills Ap,agency
76349,investment,284,ON,"PSC 0864, Box",3895641,+1-539-139,draw,6330 Ashley Walks So,question
82735,it,781,KK,6227 Brown Wa,5337855,887.344.12,season,804 Kristine Roads A,dark
32486,fly,374,HX,4553 Michael,5783656,0700009608,operation,95197 Sean Row North,factor
70024,left,210,PL,65304 Gilbert,5537520,265-590-16,line,72950 Matthew Spring,determine
59961,me,543,YN,50296 Arnold,1078641,(459)317-6,person,5475 Powell Heights,sport
90286,may,873,JY,524 Kathleen,4511945,001-170-04,to,89595 Reyes Crescent,like
91411,continue,262,LA,48036 Larry R,6530581,0831521829,official,861 Sweeney Divide S,American
32428,and,751,XF,Unit 7413 Box,2036269,001-534-04,nor,49845 Kelsey Isle Ap,provide
11985,around,574,FI,689 Christens,8993812,(868)636-5,hit,700 Kellie Stream Je,eye
39031,forget,425,FV,923 Jennifer,6990699,153.411.93,responsibi,2147 Mark Lake Suite,oil
28584,past,820,SJ,617 Olson Wal,6255177,537-680-62,high,"PSC 7547, Box 8934 A",follow
35277,open,408,MD,884 Roman Gre,9778150,001-151-43,trade,22347 Carroll Port W,act
76382,stock,824,HL,512 Joshua Cr,2585400,3604229049,hour,59627 Kenneth Villag,director
79018,Congress,631,FB,3817 Matthews,5382460,8346928126,simply,582 Jennings Mission,social
82346,full,637,NQ,7092 James Ra,7733556,793-377-59,article,427 Carol Mount Sout,that
65240,loss,315,LF,1413 Williams,8445896,(272)331-0,probably,"PSC 6908, Box 0188 A",power
40913,rock,437,JK,4333 Flowers,6723377,440-407-17,stand,5281 Joseph Heights,leave
56106,letter,207,FI,101 Bowers Da,9762054,278-978-91,government,7778 Bates Square Su,Mr
17155,front,807,BE,583 Katie Man,8799946,001-966-34,box,72282 Rodriguez Mill,six
24048,interview,818,QQ,43558 Mendoza,3326812,(011)568-4,final,6484 Robert Pike Jos,wrong
85595,western,279,VA,Unit 6639 Box,9527057,(396)918-3,however,"PSC 5915, Box 9107 A",trade
50193,policy,439,TM,0407 Dudley B,3060612,903.411.61,hot,372 Kevin Flat Suite,professor
48408,card,738,UZ,2044 Cain Cli,5361569,(886)309-6,difference,6724 Andrew Unions K,mission
25584,conference,207,QP,63271 Sampson,6579857,(882)355-3,important,2106 Sandy Stream Br,everything
72861,site,486,FZ,114 Schneider,8408013,813.373.58,walk,5718 Julie Burgs Apt,thousand
31327,everything,159,LX,42391 Kenneth,5098457,028-625-41,poor,722 Erica Stream Apt,effort
91391,as,881,KQ,9688 Oliver C,1900384,001-545-92,week,026 Robert Common Da,fly
42105,gas,105,YB,30705 Christi,9306598,632.176.70,night,895 Clark Union Robe,also
59226,management,550,FS,98936 Rosario,8595947,(467)788-9,particular,9621 Ballard Courts,eye
44634,mention,522,DF,421 Thomas Ma,5425719,+1-860-628,cause,56369 Christine Ways,agreement
59440,prove,361,KQ,"PSC 4402, Box",8992379,+1-433-398,nothing,256 Reynolds Greens,fear
14477,lot,181,YM,USS Norton FP,2435139,042.615.26,language,Unit 5912 Box 1772 D,former
25721,establish,530,DV,1915 Roberson,8613658,678.352.81,financial,70987 Scott Estate W,always
93714,practice,445,JH,437 Hall Squa,8050097,001-294-22,study,82252 Dale Isle Suit,training
65664,crime,367,WB,8302 Heather,9098156,446.896.25,same,27465 Michael Summit,join
11459,how,580,JV,63372 Taylor,4385895,+1-218-441,television,0438 Le Terrace Apt.,ready
24763,like,359,HP,07577 Gilbert,9192972,001-818-95,news,311 Thomas Squares A,part
55536,community,338,NY,USNV Bowers F,3802276,726-414-41,stay,050 Thomas Gardens S,environmental
34720,investment,161,NK,9734 Cortez V,4626360,132.107.11,door,8296 Craig Roads Mol,guess
32925,present,427,OD,94892 Becker,7789497,(528)474-6,I,373 Michael Springs,necessary
92871,world,926,RX,Unit 2787 Box,6410659,+1-328-965,also,889 Elizabeth Vista,despite
68429,study,643,IP,46327 Clark O,5281523,315-817-45,profession,86040 Villa Motorway,race
94915,too,521,RH,641 Joseph Sq,4068450,774-272-09,daughter,5191 Frank Alley Jam,machine
29007,technology,722,JY,1744 Hughes C,7080569,692.963.83,manager,"PSC 8032, Box 1020 A",expert
66087,kid,505,MW,003 Brian For,4596494,+1-825-020,other,831 Rachel Mountains,else
73460,boy,223,BV,2147 Terry Ga,6451840,358-848-10,enough,89611 Francis Dale L,safe
88639,think,338,QE,0872 Julie Gr,6767821,537-678-26,test,3621 Maria Groves Bu,protect
34724,short,880,HF,12024 Weeks B,8451020,001-367-18,open,007 Joy Crossroad Ap,region
18181,left,969,BR,1757 Jake Hil,4155120,683-354-73,either,6240 Ortega Pike Apt,approach
95543,third,988,SE,8965 Ramirez,4927314,0878989259,claim,0731 Ashley Cliffs N,at
36094,individual,971,II,4111 Brown Ca,6792132,0300591615,real,USNS Chambers FPO AE,machine
81584,art,710,QB,360 Herrera R,3815113,+1-710-765,there,074 Kenneth Ports No,bag
90963,American,216,UB,38277 Benton,4949486,510-883-74,student,8762 Tyler Bypass We,read
97526,against,532,ZA,9746 Flores S,2021573,354.221.17,more,5904 Owen Junction E,we
76445,continue,204,EK,17950 Jennife,3042188,894-707-80,media,2864 Walls Squares A,player
67303,loss,606,HX,855 Armstrong,7652466,065.386.29,program,2266 Rodriguez Stree,less
96411,try,687,TG,USS Olson FPO,2756622,+1-390-591,occur,70254 Michael Harbor,interview
20481,matter,612,KV,90163 Lisa Pa,6615038,484-636-75,special,34829 Allen Garden P,item
92277,doctor,866,BB,4475 Charlene,2701512,610-366-53,its,60562 Taylor Fort Ap,across
43602,result,610,JY,1413 Cook Via,3948742,(013)733-8,speech,8062 James Mall Apt.,meet
93265,open,936,TD,28519 Torres,8758149,001-392-72,during,USNV Kennedy FPO AP,authority
28294,you,875,CI,8174 Martin V,3458759,877-699-96,central,28432 Sharon Mall Su,film
84531,article,165,SY,111 Graves Co,6858782,683.180.44,almost,35929 Stevenson Fall,painting
64828,ok,953,YZ,96754 Cassand,7896097,001-338-56,foreign,527 Williams Neck St,beat
43257,western,216,YX,281 Debbie Fe,3835314,+1-047-737,follow,6465 Benjamin Cliffs,right
18594,top,558,LP,"PSC 6532, Box",5365042,001-137-87,huge,6378 Becker Groves B,show
76682,evidence,191,JW,759 Ashley Pi,2144995,+1-082-616,to,65940 Benjamin Crest,degree
53650,recently,147,CV,"PSC 5353, Box",7861531,+1-368-148,four,655 Brenda Rue Melis,evening
62493,foreign,640,BS,USNS Smith FP,7873271,+1-506-428,successful,"PSC 8856, Box 3780 A",set
32657,skill,638,FV,8907 Michelle,8275436,001-091-68,organizati,76696 Ryan Course Su,painting
98443,likely,479,LR,946 Michael S,8094998,+1-437-495,budget,20329 Mitchell Radia,agent
32071,strategy,937,FB,"PSC 9064, Box",1768037,+1-413-847,get,853 Ruben Freeway Ne,role
84825,specific,524,RH,86312 Parsons,9145865,(028)565-4,activity,735 Katrina Creek We,tough
83555,share,693,MR,667 Gamble Ha,9273091,0756880965,ball,"PSC 5478, Box 0025 A",company
56722,once,132,XL,414 Brown Uni,1456119,3489045065,suggest,58385 Owens Village,so
93186,police,169,IA,879 Benjamin,8339973,(531)634-7,take,1517 Michelle Lock E,she
91436,use,631,HF,5973 Jennifer,9383697,7484770425,interestin,"PSC 3786, Box 5125 A",beautiful
93299,even,908,JY,526 James Str,5105440,908-613-46,minute,5474 Patricia Stream,hand
55036,thank,924,MI,9226 Sanders,1741341,(777)665-5,speech,0486 Howard Roads Ap,far
34518,consider,826,JL,221 David Pra,8960033,001-026-79,particular,31000 Sarah Valley A,federal
65122,stay,147,PR,261 Garza Bra,7328333,2086340839,future,25476 Thompson Villa,or
49828,dinner,990,FM,72090 Dana Wa,3125883,128.720.05,pretty,673 Rebecca Canyon S,herself
62911,nation,583,AY,3639 Katherin,3725482,720-638-53,economic,"PSC 0183, Box 8522 A",your
21914,participant,302,WG,8428 Becky Co,4792182,(290)436-0,its,22690 Miller Squares,hard
72024,democratic,194,XJ,8074 Sexton G,2103660,201-342-42,run,31333 Bradley Radial,financial
96555,since,950,UW,13100 Hill Sh,5550762,875-513-49,network,43034 Mitchell Strav,development
86945,my,877,AY,64279 Holmes,3281909,001-966-48,out,5837 Jay Divide Suit,loss
77983,information,697,YV,7524 Christie,8711493,646-214-11,kitchen,621 Garcia Hill Suit,traditional
44302,sea,578,EM,31278 Fox For,5428422,548-211-45,force,3150 Beth Row Suite,true
68645,again,362,LU,USNS Green FP,3628999,857.071.81,financial,4532 Green Forges Ap,loss
68566,buy,116,BN,7158 Chase Dr,6489303,001-169-94,attention,75604 Desiree Island,image
36952,pass,152,YH,17015 Conner,9999636,001-629-32,long,36696 Timothy Extens,natural
94918,possible,947,NU,515 White Sho,1099261,001-244-31,week,404 Philip Views Mit,education
67713,receive,266,TP,53888 Davis O,1196162,330-318-31,shake,6327 Beltran Mission,art
94605,talk,602,AE,6664 Gonzalez,8946016,919-089-16,operation,44950 Montes Locks N,but
15532,card,132,HP,8369 Stone Ce,4606324,161-092-08,chair,47672 Robert Street,relate
72985,vote,313,KF,223 Donald Sq,7670297,001-492-71,mention,769 Henry Cape Wagne,subject
11633,sound,678,NB,022 Gallegos,9361644,512.641.12,well,620 Bauer Fort Tonya,college
56055,thus,301,YA,36619 Hartman,1148237,(273)104-4,state,5466 Susan Pass Sout,every
13320,happy,892,OC,6443 Stacey V,1881784,001-894-61,factor,1932 Austin Falls Su,moment
15510,responsibili,ty4,44,IH3644 James,St51344,37(261)690,-0lead,336 Kristin Prairi,e ahead
65334,cold,226,WZ,23992 Mclaugh,3868351,001-344-33,care,USNS Lee FPO AP 5381,she
96410,catch,582,PS,8813 Garrett,9254404,001-483-51,factor,52145 Brian Estates,billion
84796,air,801,GP,716 Boyle Rap,1532859,(902)208-6,explain,372 Marshall Lodge C,her
90120,red,271,PA,USNS Scott FP,2949721,514.606.01,street,3295 Ramirez Spurs S,community
61014,throw,932,ZA,137 Beth Gree,2528545,+1-630-681,cup,511 Beck Lights Apt.,suggest
48754,she,347,JO,870 Bryan Fal,4664333,963.447.90,customer,"PSC 1017, Box 8242 A",party
35070,apply,163,FT,473 Parker Ex,1665316,899-822-99,perform,906 Campbell Hill La,trial
46654,reach,662,GJ,Unit 4874 Box,1288939,+1-461-031,reveal,3341 Dickerson Ranch,nature
85094,girl,767,RW,26797 Yvette,4450997,361.979.20,return,Unit 5801 Box 5585 D,hope
61013,movement,656,PZ,482 Arthur Pa,7815682,(215)642-8,place,9356 Kimberly Terrac,action
73987,reach,652,TW,32715 Hannah,7353798,231.564.90,no,"PSC 5613, Box 7055 A",trade
52859,current,948,KY,201 Smith Way,4104226,(352)002-9,into,432 Mccarty Underpas,threat
55337,internationa,l89,5S,X553 Mark Cli,f103181,6410-096-3,3miss,14883 Derrick Ways,Sloss
19172,base,789,FF,4433 Lewis In,7611359,+1-027-659,guess,5995 Colin Rapids Ne,quite
25584,power,826,CQ,61369 Kathlee,6546734,088.593.86,window,189 Lee Parkway Lake,not
45693,focus,258,CQ,1575 Christop,2859159,741.680.36,him,878 Mclaughlin Via A,plan
59299,peace,283,HA,USCGC Thornto,4656782,008.138.23,we,367 Meadows Garden S,price
63821,man,434,KT,3083 King Vie,9625897,001-854-24,toward,99186 Mayer Hills Al,quality
19244,especially,972,YZ,7369 Joseph B,7738910,064-546-23,yard,228 Dylan Ranch New,many
22744,item,830,DB,27858 Johnson,4024742,4663974987,some,36714 Vance Island A,follow
17320,site,266,MF,050 Ashlee St,8895715,624.023.69,production,839 Rodriguez Mall S,save
81556,all,571,MB,0315 Joseph S,4674037,001-029-49,hold,6952 Bell Oval Suite,never
61949,factor,784,QM,0138 Patel Me,5434921,634-992-77,budget,2850 Stewart Square,his
75333,third,438,DG,827 Roberts S,2563568,+1-975-786,organizati,USCGC Allen FPO AA 3,everybody
67787,condition,418,QL,116 Nelson Cr,1895107,206-798-71,ball,349 Cox Ports Justin,four
32082,third,946,LZ,0371 Miller C,4154815,114-248-10,seat,6446 Gillespie Forks,sister
45454,defense,421,XE,0697 Matthew,2879821,055-565-47,wide,"PSC 3813, Box 6773 A",all
42068,worker,640,VP,2701 Michael,4623590,+1-584-930,test,3333 Lee Green Becke,consider
19730,wonder,681,GT,230 Mark Club,4995123,(149)733-9,suddenly,23256 Jessica Brooks,fall
59945,myself,133,BS,3907 Patterso,6156136,(390)782-2,protect,6682 Sanchez Via Apt,often
92706,imagine,482,TF,168 Sutton Co,5898627,917.670.48,figure,769 Joshua Trafficwa,network
39392,style,624,SW,14745 Alexand,5031430,+1-888-581,science,32792 Wesley Ferry E,drop
93416,beat,807,NO,85900 Estrada,2724879,851.978.85,involve,Unit 1849 Box 0637 D,reveal
24135,debate,442,FG,"PSC 9604, Box",9884359,472.564.06,arrive,5580 Hanna Hill West,production
18018,enter,160,GK,4412 Kyle Str,7653656,(381)184-5,could,5889 Melissa Harbors,involve
64121,such,933,VW,4829 Sandra I,1764121,592.021.93,theory,0116 Amy Extensions,entire
93982,body,793,OD,236 Daugherty,2126330,(655)752-7,themselves,10645 Alicia Wall Wh,hospital
41451,time,455,LA,93585 Mary Pi,8989597,(122)786-6,letter,9736 Lori Station Ry,happy
86059,interest,738,EB,82218 Henry L,4524557,(011)856-8,central,"PSC 2237, Box 4948 A",past
98828,with,989,SF,897 Johnson F,1148162,(941)278-0,onto,22001 Jared Plain Ap,development
44156,yes,870,ZA,5591 Robinson,2275869,+1-459-563,type,USCGC Morgan FPO AA,price
45285,apply,903,YY,14202 Michael,7195900,(349)438-5,tell,47092 Jared Causeway,month
74123,part,606,JW,70427 Dylan B,9099209,001-385-94,local,5843 Hannah Falls Ka,mother
34707,past,931,ID,259 Kelly Mil,2437126,241.826.74,dark,7252 Nguyen Stravenu,finally
33510,tend,218,XU,1279 Patricia,6494863,(008)350-1,north,6955 Carolyn Locks N,again
59638,price,380,UU,814 Johnson F,9028515,6446883619,hope,6845 Kristi Canyon A,but
25836,probably,768,AW,025 Joseph Tu,2323517,001-102-21,great,674 Stephenson Inlet,often
19403,address,454,KR,"PSC 1911, Box",9476644,(858)318-3,building,6618 Brandon Loop Ea,hope
27818,wait,969,EQ,72060 Nicole,1140052,+1-585-968,hope,796 Luke Track South,receive
11973,actually,792,FC,8050 Jeremy D,2917408,751.479.46,will,USS Parker FPO AE 98,into
28519,candidate,425,ZZ,0770 Justin I,2466576,(603)423-7,sure,9510 Moore Orchard L,security
60389,quite,271,CD,0673 Adam Fer,3001621,5403239230,audience,846 Grant Divide Par,grow
29663,nearly,531,GY,5310 Bell Ter,3658310,+1-277-277,adult,Unit 5749 Box 7851 D,Mrs
31330,notice,643,ZD,420 Cooper Ra,7830081,(687)376-6,art,51929 Hahn Spurs Apt,successful
64384,issue,174,IO,32046 Jacobso,8613165,(311)763-3,win,142 Gary Ridges Stou,through
31432,expect,259,AW,5143 Kathleen,1577329,(986)125-7,population,8255 Juan Squares Kr,work
54693,property,593,QC,78067 Harris,8786874,189.457.09,truth,505 Bryant Ramp Spen,note
40088,senior,488,SM,96028 Victor,8077237,180.604.50,strategy,479 Sullivan Ramp Su,far
99998,long,909,YV,339 Cervantes,2077394,154.500.96,early,9635 Brent Garden Ka,eight
91241,fill,623,IY,37346 Watson,1421824,001-508-31,keep,26491 Martinez Forge,save
20731,TV,193,VC,115 Martin La,3403265,(845)207-4,sense,4032 Phillips Lock H,then
80345,gas,402,IC,81174 Lyons V,9856957,8159329832,first,8470 Angela Villages,painting
40195,culture,415,CI,12920 Steele,7180499,+1-977-995,mouth,810 Richmond Points,check
19084,area,939,CQ,583 Shirley L,5269784,001-966-65,key,72296 Sarah Inlet Ri,leave
42684,effort,112,TQ,484 Emily Gar,9632284,(252)466-6,sea,52040 Samantha Wells,interview
21879,investment,295,TJ,78275 Reynold,7451780,001-902-93,bring,90284 Summers Fork T,door
28265,provide,598,PT,0571 Donald F,3466667,(631)156-5,grow,577 Martin Estate Ea,focus
69216,area,899,AE,838 Lynn Cros,8614412,591-910-29,economy,50334 Ashley Creek P,be
99070,heart,390,BL,497 Barbara C,7738560,001-323-33,particular,4952 Laura Mount Eas,skill
28265,leg,363,IR,01696 Randy P,2398334,(292)254-1,case,487 Calvin Curve Sui,range
13266,much,652,JG,USCGC Sharp F,6050159,001-860-95,state,USNS Hancock FPO AE,laugh
77809,gas,928,CS,"PSC 7211, Box",3486186,293.903.57,base,06196 Jodi Stravenue,least
88213,generation,332,ZC,58831 Guerrer,8138164,001-173-58,whatever,2970 Nathan Bridge L,assume
63492,soldier,971,ZH,74628 Carrie,4714294,(820)100-7,citizen,3498 Tanya Throughwa,future
99761,court,501,DK,97997 White L,4096928,001-539-82,rule,199 Carmen Glens Apt,similar
67719,probably,611,GK,3568 Wright V,5218890,746.410.66,if,9284 Jillian Views L,interesting
41338,themselves,800,EG,4909 Dennis O,3820196,483.548.83,participan,628 Evans Estate Apt,fish
45134,send,476,KR,694 Sandra Mi,3110503,+1-360-478,smile,716 Cameron Shores A,finish
17405,exist,211,WA,1284 Derek Ga,3007207,(018)974-5,fish,291 Herrera Mission,occur
41228,laugh,201,AA,USCGC Barnes,3099591,(204)619-3,almost,13517 Samantha Fores,believe
26917,church,869,IO,8930 Andrew L,1663588,(163)027-6,cause,2650 Marie Well Jeff,for
51091,yourself,662,WY,133 Robert Ov,4445164,206-017-02,vote,846 Burns Branch New,war
46731,senior,491,MB,18785 Harris,2348114,520-004-03,heart,34006 Jared Mission,vote
83108,itself,531,KC,02947 Megan F,5455094,(597)741-9,defense,4569 Harmon Unions S,arm
59067,big,208,XF,56685 Cheryl,3466261,831.330.56,thousand,19621 Mark Manor Apt,available
40921,interview,751,NP,9309 Amber Tr,9963011,001-614-65,already,039 Williamson Oval,social
24552,already,143,IL,28803 Benson,2071583,1457563221,rather,2264 Palmer Locks Ap,account
17604,marriage,989,TL,8783 Charles,4464998,784.103.16,else,Unit 8678 Box 0603 D,expert
93236,home,133,IT,02254 Gary Po,4545017,(974)553-6,small,88594 Michael Neck S,work
68123,Mrs,547,IT,USNV Erickson,4496548,716-910-53,trade,1783 Rose Centers Ap,reason
64476,yeah,593,NP,4203 Belinda,5745124,001-114-00,return,"PSC 9762, Box 2045 A",writer
76578,response,847,FK,64278 Anderso,8649310,+1-522-966,card,USCGC Rose FPO AE 12,nation
78759,again,262,JS,USNS Garza FP,5612283,499.796.88,federal,24675 Reed View Lake,last
93053,she,404,JR,880 Lisa Mano,5583809,(937)498-8,modern,757 Morales Causeway,party
58755,mission,183,YL,22510 Riley C,8603504,001-217-91,game,508 James Drives Apt,organization
87461,bill,809,GC,USNS Baker FP,1547959,(217)217-3,audience,6769 Victor Curve Po,cause
23524,whom,839,RQ,35371 Manuel,1237786,001-717-94,total,08599 Cindy Port Sui,nation
32497,ten,748,WO,30021 Jason S,7856255,001-723-53,so,246 Justin Grove Apt,market
85725,fear,603,DJ,69781 Renee U,4547853,(394)791-3,media,73462 Freeman Corner,heart
46403,letter,617,IR,9786 Melanie,4274084,120.014.44,of,167 Monica Hollow Ea,baby
14961,share,329,YC,4130 Macdonal,9396461,(212)519-0,decide,895 Williams Common,current
11419,within,500,PM,"PSC 9368, Box",7192622,213.032.82,tell,9625 Kathryn Roads A,serve
63979,represent,977,TH,Unit 3943 Box,9312490,632.613.86,full,2354 Justin Crossroa,leg
86058,will,764,NS,12980 Wells F,7270122,362-971-62,up,0055 Moore Canyon Su,onto
52280,ever,358,NQ,16108 Kristen,3627561,856.718.95,later,Unit 0119 Box 5642 D,policy
63790,successful,610,TO,653 Daniel Di,5082805,(738)577-9,some,0214 Walsh Junction,whether
73654,price,157,ZI,1236 Caleb Co,8147230,001-171-30,to,30813 King Hollow Me,head
98790,girl,822,OU,13986 Dawson,5406585,(359)681-1,try,"PSC 7963, Box 8551 A",player
47786,worker,863,RO,USNS Cummings,6425813,(787)446-7,view,62381 Elizabeth Thro,former
17276,movie,131,HQ,Unit 4130 Box,5159791,614-825-96,meet,939 Jose Causeway Ea,ever
28723,decade,960,SM,9767 Camacho,4894373,273.935.85,music,031 Rodriguez Drive,financial
18163,effect,413,XH,524 Jimmy Sho,2776353,001-305-16,American,5199 Kevin Lakes Vir,able
22140,create,341,IU,3045 Gabriel,1653463,(556)426-3,for,3820 Peterson Expres,this
20033,campaign,221,WN,2251 Torres O,6856816,+1-388-476,follow,731 Chelsea Station,yes
14901,approach,864,QB,91939 Brianna,1085981,(408)232-5,feel,9076 Phillips Mounta,social
79889,might,450,FC,5495 Morrison,2762381,774-407-34,himself,USS Wood FPO AA 2023,wind
62489,song,603,JZ,94626 Branch,1156330,986-650-42,pull,465 Lee Roads Apt. 7,study
97301,test,913,WZ,632 Lawrence,4951510,(251)649-9,animal,4910 Shannon Terrace,control
82443,school,800,SN,2455 Darlene,8095674,676.869.03,themselves,Unit 4163 Box 3101 D,improve
56076,shake,754,BA,578 Craig Roa,4969437,423.716.50,training,01363 Lee Shores Apt,she
59787,at,489,YY,10001 Brian M,2406159,001-136-29,focus,9721 Juan Cliffs Ron,win
59543,might,377,TD,7987 Karen Pi,9321836,001-272-99,type,7865 Sarah Mills Apt,everything
53001,action,264,UV,"PSC 4117, Box",7480501,412.573.37,go,213 Michelle Express,produce
28494,yard,978,FR,02942 Callaha,9795282,6141890216,authority,782 Williams Glen Ap,story
76884,else,730,FN,93082 Elizabe,9633121,532.126.55,movement,8578 James Fall Suit,general
71057,officer,755,MT,5738 Herrera,3084828,+1-345-408,people,802 Stephen Ports So,less
73792,authority,512,NX,04724 Terri P,9801284,397-268-64,around,512 Peterson Road Ap,plan
96048,person,122,YC,874 Duffy Mal,2602120,+1-732-415,current,804 Mike Forks Apt.,age
72635,low,956,OT,2366 Arroyo O,5956445,685.616.78,where,40592 Matthew Bypass,then
91616,care,816,PJ,Unit 5035 Box,7205750,891-879-05,pick,49265 Juan Circles S,ago
79378,watch,562,QJ,656 William C,6793964,0456975473,least,70941 Anthony Forge,writer
16841,environment,143,DT,71362 Charles,5155242,(276)144-3,special,7818 Baker Crossroad,writer
64816,throughout,907,OY,276 Vincent T,3264471,(774)651-3,truth,42403 Clay Shore Sui,easy
57354,bar,731,ZY,91511 Rebecca,4611246,+1-567-272,film,7722 Nolan Village A,step
41808,state,702,WK,954 Anthony L,9993203,554.500.91,voice,679 Timothy Squares,too
18101,opportunity,416,YY,Unit 9436 Box,5703154,(046)665-2,moment,852 Richard Vista Su,certainly
10867,daughter,653,BK,455 Morgan Pa,3947545,(122)487-8,dark,30457 Morgan Circles,full
76464,few,180,WH,817 James Tur,5631711,+1-172-222,beat,00089 Daryl Radial A,present
26733,where,282,RJ,623 Bullock C,1708267,383-254-21,full,6639 Bryant Groves A,then
78758,I,510,JZ,7586 Donna Wa,9257955,(740)646-0,low,882 Pierce Village C,rate
82104,discuss,690,DN,088 Gregory S,7732827,451.357.96,star,0177 Gregory Court A,law
32703,ground,195,PA,2760 Armstron,6611196,+1-413-326,century,43922 Bradley Way Do,if
86125,do,153,KJ,820 Thomas Re,9572703,834-384-48,charge,9638 Stevens Lodge S,open
90341,character,543,UA,229 Michelle,5570086,452.641.78,stay,67718 Adam Lake Apt.,result
83057,discuss,440,WG,9673 Samantha,4591271,(155)424-1,any,80302 Melissa Forks,show
69595,record,194,YA,9652 Cody Vie,9695661,229.159.99,course,26102 Gomez Park Sui,add
71997,anyone,340,OV,565 Roberts F,7822280,001-941-24,against,519 Foster Skyway Ro,local
11326,way,381,ZF,449 Watts Mew,5257143,670.647.80,under,760 Perry Oval Apt.,difficult
74263,include,843,KR,86867 Toni Pi,3561456,(259)923-1,street,02344 Brian Trace Ap,site
64346,bad,125,RZ,USNS Cordova,2651760,193.717.70,more,857 Robinson Manor E,Mr
23616,inside,947,XO,"PSC 0399, Box",9727768,211.492.11,score,USCGC Montgomery FPO,there
37350,school,741,JE,00140 Shawn S,6054975,7919881281,base,67683 Forbes Turnpik,rather
65148,citizen,708,MF,USCGC Guerrer,3846027,672-866-26,hear,Unit 9703 Box 5175 D,tend
80881,rest,253,VR,1428 David Di,5782752,001-232-90,himself,2041 Mason Walk Apt.,interest
87049,onto,893,ED,25112 Elizabe,7107462,(020)443-4,expert,47662 Trevor Vista A,force
32258,agent,531,CT,78282 Sanchez,5752322,(172)134-8,market,7053 Hamilton Park A,idea
29242,them,467,GU,584 Chambers,1070733,109.748.30,middle,56590 Larson Forest,goal
15469,discuss,384,IF,37219 Olson S,8726285,485.261.74,note,346 April Glen Apt.,many
90913,nation,641,FQ,5892 Miller L,2855549,611-292-82,wall,130 Smith Loop Barba,current
88311,its,919,BW,0068 Bishop C,9012343,001-515-86,despite,23566 Sandra Road Su,push
13320,these,739,OH,27239 Wright,6007804,+1-829-217,laugh,USNV Medina FPO AA 1,yeah
61165,arm,427,PL,001 Ponce Vil,4738503,784-984-78,back,367 Hannah View Apt.,hospital
65535,argue,933,ZG,811 Brenda Lo,7151901,(317)276-5,significan,12813 Adam Courts Su,coach
75694,director,850,FB,16938 Holt Gr,4794657,587.626.80,above,19905 Fleming Crest,site
23923,drive,224,LY,2889 David Ri,4825850,462.093.69,toward,2222 Lori Fort East,school
41140,have,874,AQ,038 Richard H,2099505,479.216.08,thank,43387 Davis Freeway,artist
13128,force,411,MW,9631 Justin O,3347194,758.987.71,crime,036 Hunter Mills Cat,federal
89701,religious,258,WX,6992 Brown Gr,8038818,258.241.40,special,8451 David View Suit,policy
87537,machine,765,EC,92394 Alexand,8177845,789-861-55,office,4036 Barrett Estates,see
45636,us,299,NQ,79141 Maldona,6085158,+1-524-289,season,1962 Donald Crossroa,training
89988,feeling,570,MH,77171 Davis S,9671073,+1-866-542,agency,855 Jones Valley Sui,page
69400,dark,180,VE,35327 Woodwar,2587451,(150)430-1,statement,2352 Heather Ways Su,occur
84477,detail,860,HK,Unit 5971 Box,1704427,8916782403,fact,4636 Eric Fall Apt.,model
96689,suffer,468,US,Unit 9775 Box,1775257,001-710-78,build,41562 Davis Throughw,with
29926,attorney,579,GD,9250 Nguyen M,2890185,2333252932,act,67365 Ryan Hollow An,research
23379,moment,694,VE,10633 Nelson,8061348,848-228-42,eat,82179 Jessica Falls,yourself
72615,point,792,GB,0387 Wiley Or,4138609,988-344-75,name,5429 Ramsey Fall Apt,indeed
44080,include,125,NV,5806 Robinson,4444347,5433501529,stop,047 Hogan Square Sui,everybody
33650,involve,791,HW,74200 Phillip,2755234,557-327-02,building,8994 Donald River Ne,ever
12560,study,494,KF,753 Melissa T,4851733,410-403-28,to,40184 Smith Harbors,cost
88654,soon,137,MD,302 Snyder Pl,5106953,355.355.53,American,"PSC 1284, Box 9470 A",create
93959,away,179,KJ,USNV Hall FPO,1104189,(836)533-9,cup,580 Williams Heights,so
72738,matter,760,QH,18796 Mark Fo,7561177,+1-415-182,least,86363 Mcgrath Meadow,medical
20088,high,452,OH,103 Arnold Pl,7593824,+1-171-942,level,05405 Carla Plain No,simple
65996,even,706,GS,22033 Moody I,2773571,+1-492-655,message,92234 Bill Center Su,lose
67954,make,977,OQ,60833 Shannon,6983923,+1-685-236,manage,780 Angelica Express,when
39029,western,469,ST,005 Victoria,6383635,(837)190-4,color,1054 Noah Mountain C,hospital
37759,agency,561,RV,USNS Penningt,3078603,(782)094-3,important,923 Kimberly Mountai,between
48516,remember,491,HR,176 Mary Vall,1615311,+1-281-367,green,"PSC 2451, Box 8273 A",form
46311,financial,860,BG,682 Bell Lock,7596033,001-896-08,from,3327 Kristen Springs,month
31310,resource,430,JG,36228 Medina,4616868,(644)769-7,fast,61023 Blake Freeway,name
78386,through,667,JE,84685 Jones B,1509643,(960)149-9,much,344 Jennifer Key Apt,fine
10845,yeah,944,BF,USNV Rivera F,6907470,909-863-62,attention,5018 Ortiz Valleys B,development
65795,recognize,196,DE,"PSC 4321, Box",9373830,+1-180-622,animal,88230 Craig Bridge A,foot
57111,war,307,UP,306 Raymond O,9444735,407-409-56,seem,63902 Stephanie Cres,reveal
92474,state,954,GF,825 Eric Stre,3789089,001-751-19,plant,USCGC Gonzalez FPO A,hold
48423,represent,267,VU,2559 Chen Fer,3168384,(262)675-2,wonder,1738 Carol Isle Sher,feel
64344,west,602,XV,86406 Henson,5815387,(509)908-6,large,348 Chase Squares Ap,carry
45006,eye,555,FT,21166 Morgan,3073573,001-689-68,ok,0437 Collin Center A,character
53411,every,215,DE,02880 Susan M,9350992,606.296.88,pick,32306 Jamie Roads Ap,year
52774,name,205,WK,Unit 1838 Box,1385952,001-740-98,seek,757 Joe Well Suite 8,cultural
64836,store,310,MR,8261 Jennifer,1759732,331-198-47,full,0136 Robert Islands,since
99218,agreement,521,VR,2809 Alan Bra,2798037,+1-084-604,easy,347 Mandy Motorway S,study
50773,not,567,UU,1103 Nicholas,7279275,+1-455-246,remain,07059 Rose Roads Sui,style
19485,find,488,MY,"PSC 6739, Box",2186727,2922640892,parent,0767 Lee Rapid North,west
20390,part,661,DT,7136 Phillip,9375245,656-768-96,body,574 Calderon Island,think
76803,top,647,DH,24066 Price R,3409280,1372414915,myself,072 Omar Drive Suite,friend
31465,product,262,XG,"PSC 0354, Box",9368810,001-245-52,Congress,72457 Patricia Passa,choose
97669,spring,420,TB,0194 James Fo,5799730,(871)693-5,career,9617 John Islands Mi,consider
94632,development,475,JB,02662 Reese F,8278389,3189694400,world,79379 Little Ramp Ap,move
23321,someone,338,WX,1394 Brown Ri,9529349,(412)467-0,respond,51381 Jackson Harbor,identify
21306,investment,408,TY,9299 Gutierre,8784077,946-467-82,clearly,06420 Spencer Statio,build
69021,write,698,QL,1207 Raymond,2372829,417.691.48,authority,202 Weaver Island Ap,project
25051,it,337,BW,62147 Andrea,3621699,001-626-77,sea,65069 Darrell Cresce,research
51304,degree,938,IU,635 Willie Wa,3289540,(197)053-5,arrive,"PSC 9757, Box 6226 A",mission
82353,per,313,HB,34892 Crane W,6244724,8818008916,data,7872 Max Lodge Mendo,particular
26288,thousand,600,SI,"PSC 9980, Box",7025503,342.857.34,nearly,037 Bryant Stravenue,bit
82191,agent,182,IR,83846 Brooks,5428548,+1-878-831,conference,"PSC 3494, Box 0371 A",establish
43383,evening,509,BD,028 Kristen P,2540038,+1-116-738,soldier,236 Tina Spurs West,student
40700,miss,182,MC,7945 Powell H,7673034,243-383-38,itself,802 Miller Via Apt.,also
73883,everyone,129,PS,3662 Michael,2863765,589-102-78,PM,68001 Johnson Harbor,together
83448,my,480,AA,136 Keller In,9250434,864.728.14,your,47864 Melissa Road A,agent
34962,news,583,LY,08262 Linda E,8820630,4547296402,choice,16729 Ali Circles Br,six
47166,market,578,LK,81865 Carmen,3432513,001-330-47,letter,0868 Bennett Island,vote
32360,choice,258,LX,774 Shannon F,2447692,615-830-54,much,865 Anna Club Apt. 6,example
31312,require,689,NE,14534 Randall,9920028,+1-291-643,participan,668 Morris Inlet Apt,loss
74915,tend,598,AQ,89488 Cooper,7485355,+1-698-563,administra,Unit 0908 Box 0822 D,increase
52636,tell,314,NQ,Unit 7854 Box,3161355,126-417-55,PM,10902 Chavez Mountai,them
69434,check,930,BS,7997 David We,6354924,3669211230,at,1729 Tiffany Dam Wen,author
41699,population,900,LR,45328 William,8890503,001-243-03,figure,46316 Stewart Island,mean
44268,place,947,QA,28304 Vazquez,3056184,(986)769-2,last,12377 Jones Stream R,effort
84111,participant,945,AM,826 Shelton V,3889047,574-965-41,middle,9295 Hamilton Key Jo,well
20318,since,747,MN,1904 Renee Fl,7189975,668-313-41,that,119 Jennifer Village,notice
49051,president,687,WJ,7801 Christop,9010533,160.217.42,everyone,3025 Willis Greens S,school
62687,visit,237,DB,USCGC Knox FP,1145231,001-496-47,plan,979 Smith Plains Dan,represent
74638,card,325,SB,930 Patterson,7596810,0285888901,black,5795 Angela Ferry Ap,economy
47393,food,537,JS,157 Smith Gre,2160832,719-956-23,despite,7074 Joseph Freeway,agreement
46411,discover,261,JA,98885 Ryan Wa,1451094,905.632.49,you,657 Haynes Burgs Apt,stage
41700,every,323,BY,04973 Charles,2221912,548-453-27,despite,29610 Laura Mews Sui,center
19394,their,834,JF,79856 Shane L,7696187,001-028-71,affect,860 Perez Bridge Sui,leave
71843,summer,299,RQ,07823 Angela,2214110,001-721-25,almost,35015 Zachary Club S,yard
38536,science,841,LK,57730 Charles,3760434,+1-387-027,parent,68599 Brandon Curve,sport
53570,late,381,YP,504 Michael V,4915563,(471)310-9,return,760 Buck Pine Sander,mouth
54543,particular,789,TK,415 Moore Fla,5353638,570-482-03,little,09888 James Mill Flo,treatment
33039,figure,930,QI,4452 Stanley,6995512,563.084.24,certain,13492 Graves Harbor,call
34186,memory,575,CK,69749 Kim Thr,4721696,878.689.62,federal,238 Brown Flats Apt.,majority
49324,seat,993,QC,961 Anthony R,6948108,628.967.01,believe,817 Heather Place Ea,discover
50093,create,995,FP,99499 Evans B,8023196,920-433-64,how,115 Bush Port Suite,mother
65303,project,479,RL,22689 Christy,3203409,(075)036-5,develop,0420 Angela Turnpike,show
99981,military,121,GZ,9473 Blake Fe,4501757,060-127-61,Mrs,USS Adams FPO AE 632,visit
44442,animal,853,DQ,1653 Stephens,1154252,(427)857-6,various,3343 Warren Mount Ap,yeah
43240,option,425,JS,1154 Willis R,6651530,001-161-51,choice,562 James Avenue Sui,move
92757,fire,961,UA,4495 Gardner,6780221,570.359.00,wear,USNS Williams FPO AP,particularly
71461,level,764,HO,9340 Russell,3587173,(115)663-1,rock,796 Angela Terrace W,voice
45505,ability,299,PJ,777 Stanley V,3676452,(888)017-3,eat,0873 Kirby Mills Apt,lot
52513,true,169,WJ,010 Katrina R,6987827,526-357-25,employee,USCGC Allen FPO AP 7,risk
21846,bring,870,DK,422 Stephanie,2501676,544.207.21,scene,9107 Valerie Dale Su,data
56748,near,403,AL,12247 Cole Ro,8521854,2660116734,summer,361 Gibson Highway P,field
75147,deep,337,QU,36463 Jason M,2050060,636.998.88,husband,40846 Jared Shores E,past
85839,book,685,TJ,615 Henry Fer,7743479,731.605.57,act,Unit 2381 Box 5983 D,tell
44277,wrong,921,VN,119 Valentine,4286237,+1-203-743,toward,7950 Brooks Bridge N,compare
16216,finish,777,SM,421 Dean Plai,2680116,(429)174-7,ask,04233 Danielle Shore,difficult
58563,wear,584,MW,491 Galloway,9617120,001-003-81,economy,35536 Michael Run Ap,quite
77472,rule,389,EW,320 Durham Tr,8647243,(640)150-5,listen,USNV Butler FPO AA 3,hard
78794,new,300,OS,40644 Thompso,8557914,877-528-35,physical,74407 Glenn Manor Ri,decade
71252,top,740,XA,939 Calhoun F,8433687,+1-902-784,outside,37600 Hall Branch We,institution
73065,could,792,WB,4208 Lopez Kn,7334113,228.016.74,voice,12010 Clark View Por,try
45686,generation,433,YV,4676 Travis L,2464624,167-222-00,onto,3419 Jones Bypass No,strategy
39451,office,300,VD,1455 Kathryn,5604078,001-217-97,pull,1923 Taylor Highway,investment
86633,also,483,EG,7215 Harris A,4735330,+1-133-189,add,3308 Mann Squares Su,pick
87686,about,601,SV,Unit 9618 Box,9832609,+1-284-575,which,219 Mcpherson Spurs,receive
71438,eat,598,VW,786 Tracy Par,8974829,+1-950-961,education,4573 Garcia Fork Lak,skill
33278,design,286,VU,435 Hernandez,1417079,289-723-52,state,677 Baldwin Mission,ground
24015,direction,155,GY,7864 Cox Bran,9404383,(213)991-2,though,3779 Jacobson Run Po,reveal
96028,matter,898,EQ,5000 Moore Mo,1540143,780-067-59,forward,034 Smith Glen North,word
66292,yet,553,OB,17210 Gonzale,9726987,001-200-96,radio,0989 Bailey Mews Wes,fly
94778,son,484,FJ,"PSC 3014, Box",3834064,(424)420-0,over,11025 Hunter Wells K,war
50320,compare,397,GQ,29456 Gibbs F,5061178,035-078-52,especially,09864 Nathan Islands,police
62977,although,505,YF,26637 Hines P,6108249,8174243337,inside,4420 Daniel Union Po,consider
89181,line,375,GW,85586 Michael,5915036,378-197-11,feel,049 Alexander Avenue,own
83717,any,728,FD,144 Ramirez S,8226267,673-396-48,evidence,51925 Lopez Prairie,establish
66971,newspaper,899,LK,25312 Mendoza,5558221,9571829116,guy,84259 Zamora Mews No,serve
40954,draw,306,QJ,233 Melissa C,2825795,9296819765,fly,7640 Jennifer Viaduc,western
62797,write,836,PP,1102 Costa Mo,2266241,+1-124-469,Mrs,8889 Burgess Walks A,class
57090,yourself,579,MS,59096 Steven,5504788,(916)201-3,deal,3130 Contreras Via S,small
87285,challenge,652,WY,639 Jason Gar,1902144,423-436-10,by,USNV Preston FPO AP,name
74011,probably,940,XR,944 Hughes Ci,7326215,3379543764,price,289 Steve Island Ste,sport
62203,right,594,HY,53904 Thompso,8866818,(089)035-7,finish,8042 Jason Squares K,miss
88858,member,702,XD,66288 West Co,5727466,0645580206,state,2096 Cody Ports Apt.,ago
49292,find,610,GG,"PSC 9995, Box",7674517,+1-405-058,firm,094 Madison Mount Su,leg
16444,seek,257,AX,6325 Melissa,2776297,057-711-19,create,929 Pope Trace Suite,scientist
71758,treat,658,OL,102 Harvey Vi,9708377,001-678-15,stay,30816 Morris Straven,increase
92656,father,283,IQ,626 Stephanie,3904505,792.568.50,model,94089 Dwayne Streets,common
55137,rest,151,UP,4326 Moore Wa,7800477,744.596.93,skill,3016 David Cape New,kitchen
69725,perhaps,879,XO,04738 Nina Hi,9024383,(114)599-7,green,9020 Amber Cove West,our
10925,give,460,SC,99049 Green F,4341033,498-092-59,property,6288 Marcus Inlet Ap,film
95147,sort,393,SY,61958 Leonard,3094663,(124)747-7,camera,9801 Thomas Court Ap,near
34350,place,758,ET,382 Ashley Un,5519541,838-161-87,protect,3058 William Locks A,between
16991,four,168,KQ,62164 Patrici,3285720,(451)367-3,free,74168 Jones Lodge Su,off
33305,thing,404,JL,226 Jeff Cour,5183820,(588)150-7,movement,USNV Williamson FPO,couple
54596,bar,675,ZU,338 Margaret,2270927,(693)784-1,consider,58782 Steven Alley A,discussion
47563,ready,281,DM,758 Phyllis F,4563709,901.304.94,act,83462 Jasmine Via Ne,concern
42807,reason,612,CU,39730 Jacobso,4902319,890-500-90,exactly,"PSC 3964, Box 8428 A",culture
15005,of,295,BD,99646 Michael,9045765,444.839.16,fast,0868 Victor Views Su,support
50104,thought,935,YU,119 Glenn Cou,7844473,216.811.55,soldier,097 Mason Lakes Suit,health
91637,could,858,QT,4428 Vanessa,1281882,(178)457-4,future,568 Tina Ramp Chanto,manage
11202,heart,228,IJ,943 Barnes Ca,2313760,297-417-14,interview,392 Stephanie Haven,whose
98213,marriage,710,TT,358 Cody Road,6182917,+1-358-032,six,807 Mclean Trail Sui,candidate
87766,both,534,EC,894 Jose Mall,8170469,699-784-21,wide,5349 Louis Island Su,study
93967,majority,425,AB,166 Jessica P,6224531,001-457-85,method,12628 Andre Springs,special
43223,less,583,CU,20799 Davis G,8494893,950.137.00,level,486 Ward Pines Chris,nor
22817,operation,377,GO,78772 Amy Cor,6764687,(904)309-9,hand,1862 Burgess Summit,area
13060,environment,963,VT,Unit 5888 Box,7120060,940.699.11,late,27639 Kelsey Extensi,way
83062,player,833,LI,45705 Caitlyn,4844797,+1-531-973,game,2212 Alvarez Spring,story
27679,reduce,893,MK,01468 Martin,4146863,800-960-79,head,2475 Dougherty Turnp,theory
86265,race,710,PL,0228 Lopez Co,3826429,764-733-92,property,442 Steve Flats Apt.,usually
77518,consumer,801,WD,19309 Garrett,6152222,213.851.83,difference,136 Wall Fort Lake B,big
81539,inside,621,YG,00444 King Ce,5892083,184.888.80,production,1908 Dennis Ferry Wa,bag
67653,significant,903,YD,Unit 5380 Box,7950051,740.368.45,contain,740 Louis Spring Lak,husband
47462,guy,806,OV,35036 Moyer F,7410621,649-803-06,Republican,886 Jeffrey Circles,sound
84624,human,276,MB,398 Hutchinso,9591663,+1-232-278,parent,4461 Jackson Forks S,care
15558,save,793,QS,828 Collins S,8405892,530.541.77,player,830 John Plaza New R,have
25465,leave,576,OL,10049 Lambert,2765968,001-249-74,follow,402 Kathryn Lights T,reason
58273,support,517,CS,314 Crystal C,3289303,(301)452-4,executive,7394 Ali Trail Suite,cover
81968,here,327,VZ,9267 Laurie F,1642273,+1-205-214,democratic,9379 Brandon Court C,half
68294,tend,473,VI,"PSC 3706, Box",3293489,(241)448-2,camera,391 Dixon Corner Apt,various
66046,do,130,WJ,353 Emma Stre,9301866,780-760-70,wind,8980 Michael Ferry P,animal
85892,fire,961,KG,2572 Hines St,6356743,+1-884-680,chance,3958 Ronnie Stravenu,field
12926,internationa,l98,2U,W26826 Kyle F,a917547,5513-869-1,2change,75516 Timothy Fords,color
76870,everybody,847,SA,3774 Christy,6694769,(544)578-1,more,Unit 6688 Box 3007 D,necessary
82703,inside,266,KU,5243 Williams,9939905,001-640-11,seven,3633 Miller Brooks A,single
36613,reason,835,ES,845 Freeman I,4269401,001-482-34,around,5762 Michelle Square,eat
51852,section,708,AI,613 Anthony F,5210351,286.295.32,internatio,51549 Alexander Ridg,sure
91448,reason,477,HC,2663 Natalie,1820176,(571)286-1,arm,902 Pratt Cove North,election
23256,space,264,UI,59796 Bush Ha,8803167,299.256.30,discuss,1988 Barbara Crossin,show
45405,arrive,747,NT,7162 Emily Mo,4871615,+1-364-977,tonight,5161 Jessica Lights,operation
58103,who,457,JV,643 Shawn Mea,4046706,5751014750,school,979 Maria Trail Suit,institution
13307,rate,955,UI,4955 Jacqueli,5056684,(401)252-4,buy,8814 Winters Courts,song
12775,method,939,VR,520 Kelly Mou,5225648,001-846-21,note,Unit 4236 Box 3048 D,policy
56992,serious,217,XO,450 Tyler Cor,9927525,546.262.52,amount,06530 Stewart Bridge,my
76649,decision,335,JB,1632 Stephani,8252530,964-322-31,quite,72856 Brandon Avenue,character
52705,future,628,OW,9673 Palmer C,7721244,649.542.48,developmen,583 Dale Heights Sui,become
47741,law,739,QP,0871 Aimee Ra,9395067,8349654630,forget,81446 Brian Point So,share
13965,far,721,YV,086 Ferguson,8836093,9492444258,win,566 Williams Ferry E,need
87642,treatment,313,IU,110 Brown Pla,7397224,001-795-06,college,0871 Sarah River Apt,there
41556,yourself,469,UI,031 James Fie,7290380,323-645-29,million,Unit 5706 Box 2094 D,certainly
97915,difference,180,YR,91962 Annette,7947086,502-468-92,those,USS Flores FPO AA 82,start
88968,tell,983,CS,8643 Hawkins,6362786,399.791.09,majority,503 Fitzgerald Pines,future
74765,alone,228,SE,694 Johnson M,8987684,670.031.37,could,31654 Michael Vista,represent
80922,pressure,840,CV,727 Michelle,5542747,7037129385,several,06739 Jeffrey Lakes,store
45493,bank,607,GT,381 Lisa Lock,7334477,+1-657-033,strong,9966 Thompson Wall A,property
17830,subject,426,NL,7778 Allison,2893508,156-742-06,art,6065 Jennifer Roads,key
33886,game,620,RD,312 Phillip C,5102809,573-197-99,reflect,336 Steven Motorway,memory
91439,hour,218,XI,330 Jackson D,3617216,001-896-08,his,338 Cynthia Mission,woman
80672,stop,236,RN,800 Laura Por,4877101,+1-489-849,protect,81372 Bolton Orchard,rather
75792,community,128,YL,913 Daniels G,5754817,+1-571-645,pull,559 Charles Locks Su,rule
86340,light,485,SH,997 Wilson Gr,9075403,909-446-28,teacher,14641 Rush Landing N,kind
11596,them,742,TI,09632 Thomas,2889193,+1-683-249,popular,20228 Joseph Brooks,not
21955,four,487,CR,7087 William,3960240,907.445.25,me,"PSC 1041, Box 6084 A",audience
42115,energy,140,EM,434 Reeves St,5828286,245.893.69,give,51241 Webb Extension,system
47263,day,243,VP,49870 Mendoza,4611601,2243098261,indeed,66762 Lane Walk Emil,reality
73881,beyond,837,TP,974 Moore Lig,3096550,+1-885-185,since,143 Kristine Station,firm
87282,poor,745,YK,248 Gates Tur,9729650,(705)447-2,matter,8317 Webb Parkway Po,well
29618,population,694,UE,623 Amber Cli,5926241,451.130.03,manage,925 Martinez Streets,machine
24289,fly,333,KL,0115 Williams,1140283,+1-684-372,successful,3314 John Viaduct An,listen
51318,compare,920,FS,17102 Mahoney,1962070,169.158.65,pass,227 Thomas Pass Suit,hear
97104,maintain,606,JO,86682 Mary Sh,9031523,610.612.74,school,305 Wallace Loop New,painting
61094,ahead,874,WP,93863 David C,5318613,836-850-74,close,44422 Diane Oval Sui,individual
41941,purpose,350,NB,205 Matthew M,9171005,+1-005-104,can,346 Young Camp Port,indeed
16728,must,180,KH,5114 Bell Gre,2516241,880-208-06,fish,985 Park Trail North,our
23442,much,533,TT,5894 Briana T,6520046,483.292.62,food,575 Bradley Expressw,scientist
90109,address,773,QH,6225 Cervante,3671547,763-119-11,whether,5534 Wolfe Mill Jenn,citizen
88748,market,820,BN,475 Mann Pike,2145383,(999)679-6,exactly,Unit 1547 Box 6419 D,particularly
71104,unit,740,FK,63139 Martin,5168711,682-367-17,usually,4746 Joseph Fields S,watch
73998,enough,793,ON,10881 Daniel,6936071,8756929697,major,050 Jasmine Crossroa,college
24128,political,821,AU,66993 Scott F,2714765,1211176466,trouble,"PSC 7240, Box 7967 A",analysis
37940,indeed,780,KJ,1041 Salazar,5939425,233.162.53,could,773 Christopher Spur,stay
81431,focus,271,SG,80371 Todd Lo,8586859,001-767-12,drive,642 Amy Lights Lake,sort
70026,quality,631,HQ,7303 Mary Squ,6021360,538.792.74,spring,28288 Summers Rapids,themselves
22874,catch,665,OO,967 Chelsea E,2178945,+1-356-526,PM,854 Smith Motorway S,cost
51220,free,397,QJ,657 Kristina,8191532,390-845-29,beautiful,01623 Kenneth Landin,industry
80183,town,644,EN,5037 Jones Mi,2379050,001-873-63,small,89998 Larsen Drive E,magazine
96739,figure,487,SB,5074 Barbara,1864054,950.276.36,spend,695 Sanchez Plain No,bring
55063,resource,798,HQ,9912 David Ha,8270947,(311)405-0,system,8301 Marshall Pine S,concern
48832,want,330,OZ,62213 Berg Ma,2966890,001-172-23,reduce,9222 Zoe Forge Apt.,live
88821,senior,351,FX,2708 Nicholas,1069167,901-037-91,history,22644 Bridges Plain,recognize
59184,small,772,BZ,95521 Jacob C,2425432,527.175.03,yourself,717 Michael Hills We,similar
78004,however,871,ZV,0094 Isabella,6290792,(841)796-0,reality,77080 Gabriela Pass,try
81732,land,658,EM,"PSC 3676, Box",6934366,+1-983-162,beautiful,2708 Timothy Mission,admit
48035,author,637,LV,98121 Jasmin,7733609,537.159.07,again,239 Murphy Turnpike,entire
94747,recently,438,NM,133 Tyrone Lo,6915362,452-015-22,able,33301 Regina Drive A,international
32381,various,610,JO,012 Ray Mills,3655395,298-374-85,girl,650 Gomez Ranch Port,tell
99964,end,347,HL,8600 Larsen T,8477147,001-040-70,policy,8562 Williams Freewa,high
79225,city,209,YX,"PSC 8329, Box",1921508,+1-136-120,it,842 Andrea Haven New,grow
43899,name,173,CJ,096 Doyle Lig,8952960,(223)946-7,week,9062 Bradley Summit,conference
28195,would,420,DP,07964 Brown R,6942703,(156)979-1,term,139 Jennifer Light A,middle
27755,others,524,BR,4972 Young Pi,5110351,+1-033-157,mean,147 Snow Springs Apt,up
62519,spring,814,NS,53404 Joseph,1753409,(995)686-4,industry,269 Burke Centers Su,matter
25934,develop,372,WR,"PSC 5851, Box",8785382,+1-106-684,degree,USNS Sandoval FPO AP,under
94955,lawyer,826,LJ,7775 Monica P,9973890,+1-849-936,democratic,6911 Williams Island,office
44437,receive,632,IP,595 Williams,9600459,350-869-47,job,5065 Leslie Brooks L,worker
33365,guy,314,CE,018 Leah Shor,6609353,752.931.74,us,"PSC 2845, Box 7345 A",form
74796,long,970,ZY,5993 Kenneth,5034819,640.013.03,alone,890 Martin Greens Ma,discuss
86730,tree,428,PV,26735 Ramirez,5500691,001-421-57,region,"PSC 0914, Box 5740 A",whose
24194,hospital,850,NV,438 Ashley We,2816236,6198982620,agency,14868 Morrison Green,early
60449,offer,721,VI,742 Sarah Pra,3084118,001-207-22,summer,185 Kim Lock Gravesf,follow
20597,region,892,US,1236 Terrence,2114922,+1-827-506,investment,"PSC 4424, Box 6866 A",form
93243,visit,951,VH,5771 Gill Way,6665217,745.061.66,should,817 Andrew Pike Rose,center
38772,later,494,US,96831 Moore S,3105985,(782)185-1,far,468 Spencer Knolls R,and
13970,customer,653,GL,13289 Daniell,4458555,976.173.99,statement,752 Jenkins Trace Su,be
94298,activity,692,EA,8996 Sanford,1757027,001-428-25,main,85705 Edwards Mounta,age
50226,fly,742,SU,2480 Holmes T,1346355,(674)720-7,bill,14289 Hunter Courts,among
79151,radio,766,CM,4424 Brian Fr,4723372,(195)822-5,walk,7994 Diana Underpass,team
35760,soldier,316,QD,85058 Conley,8487238,001-893-13,think,58676 Michelle Light,pressure
75380,finish,654,GV,43061 Hughes,9097777,725.096.34,space,424 Black Drive Apt.,test
55619,doctor,509,ZU,11206 Edwards,5263703,973.102.75,decade,153 Kayla Run North,risk
56759,reality,843,NS,745 Johnson R,8821794,8435315532,firm,729 Good Crest Apt.,explain
53054,garden,451,UF,69611 Robert,2737913,+1-272-907,medical,Unit 2302 Box 0132 D,senior
82445,statement,174,XY,29714 Dennis,3895022,+1-144-817,than,91570 Rebecca Unions,summer
92914,describe,110,XY,7906 Michael,4645931,(510)921-9,area,387 Judy Union West,save
80326,pick,273,AU,989 Davis Gar,1455582,936.028.63,soon,440 Porter Neck Suit,late
22086,institution,100,PI,90171 Jerry B,5909595,(263)543-0,person,401 Baker View Apt.,letter
50257,size,397,BZ,391 Mitchell,6573858,152.144.72,reflect,690 Duke Forges Apt.,kitchen
40247,project,360,HC,7028 Ramos Ra,4295737,(979)448-0,space,2748 Elizabeth Neck,use
68621,town,394,TN,2346 Erickson,8336082,+1-443-841,purpose,8562 Green Lake Suit,participant
66581,expect,662,DZ,41586 Sara Wa,9109634,343-623-56,bar,59222 Powers Knolls,radio
90069,list,260,ZR,1999 Howell L,7237510,(598)470-7,red,579 Adrian Summit Ne,boy
51182,player,770,BJ,Unit 3133 Box,5396945,(632)530-1,story,048 Joseph Court Apt,example
48212,no,909,ZY,512 Randy Tra,5622430,(889)368-1,parent,144 Brown Parks Suit,affect
98249,even,181,MW,826 Robert Cl,7577606,354-619-39,top,Unit 3450 Box 2180 D,movie
59732,although,118,ML,43066 Michael,1961945,001-088-81,effect,9754 Charles Hill Ap,share
69909,according,883,UK,80006 Andrea,2231214,+1-706-151,day,673 Trujillo Pine Ma,opportunity
23156,year,567,PH,12367 Taylor,4090388,983-054-87,visit,0666 Taylor Extensio,government
50349,hotel,401,MF,61564 Kathlee,7173232,235.265.85,fire,669 Stafford Ramp Ma,stay
30351,idea,397,MV,13055 Flores,8323368,+1-610-826,trial,37540 Dennis Isle Ap,bar
66323,treat,923,GC,2568 Amanda V,8903251,+1-126-157,end,Unit 5428 Box 1499 D,stuff
25545,outside,918,PB,16778 Anthony,5659600,631-256-11,tough,7561 Timothy Stream,again
53867,time,237,DJ,8215 Mason Sq,5560077,+1-484-357,partner,5588 Wright Glen Wes,some
14950,argue,189,RG,84063 Susan P,3873668,(132)822-4,mention,05000 Brian Mission,office
97371,very,901,PS,54197 Taylor,1700342,(412)543-7,decision,"PSC 8515, Box 7757 A",something
41295,work,388,QA,94628 Garrett,4361503,(570)408-8,enjoy,91758 Kathleen Forge,something
75554,drop,654,IC,704 Chelsea W,4633813,060.933.78,want,42159 Keller Port Po,serious
26806,common,192,UA,5954 Hughes R,8540756,118.204.09,so,45187 Mcgee Valley A,support
44067,through,292,EU,88925 Sarah M,8953541,3389986073,bed,USNV Armstrong FPO A,nation
43161,reveal,946,IY,727 Justin Ga,8284784,+1-511-816,without,022 Danielle Row Eas,candidate
45617,can,712,EV,03689 David F,3712287,(678)132-7,voice,11212 Avila Rapid Su,here
36931,worker,568,PY,64376 David R,4568255,686.867.19,themselves,9381 Kennedy Green S,often
50699,name,609,IU,63338 Wilson,2899900,001-289-77,sit,207 Andrews Shore Ap,because
70114,yard,558,LW,58196 Steven,6100186,395-139-56,senior,2259 Chris Circle Su,among
17652,road,996,AK,435 Michael R,1127922,007-718-20,form,USNV Torres FPO AE 4,see
94914,clearly,386,YE,68952 Peter C,4510380,001-532-95,trouble,3099 Marc Oval East,as
14221,this,130,RU,386 Brendan I,1040954,9955322668,current,016 Wood Lock West L,mean
29392,front,815,DE,485 Jacquelin,5560972,(935)079-7,system,1626 Jennifer Pine N,debate
57524,move,207,YS,56927 Little,4878573,367-431-31,whole,952 Daniel Camp Kerr,south
45768,wide,607,AX,10531 Martin,2730717,(034)469-5,prove,3348 Chavez Court Su,region
89176,education,358,NI,0458 Gaines M,5208549,+1-645-524,model,93865 Ethan Ports Jo,mission
74888,former,866,GR,9461 Brenda R,6172510,+1-426-373,score,913 Gibson Pike Lake,north
27832,clear,119,IT,5290 Johnson,3968314,+1-500-950,itself,83313 Morton Parks A,so
45307,resource,221,YY,44409 Craig M,9475644,001-356-34,marriage,14202 Aaron Drive Ap,way
74987,assume,447,YY,019 Burton Ov,4317788,(346)639-1,she,6652 Duran Field Sui,seem
32374,news,316,DI,33976 Charles,9245661,+1-647-397,think,2964 York Course Apt,how
82433,reveal,858,EA,22736 Sheryl,8453129,+1-873-251,let,80313 Jason Spurs Po,spend
17018,mother,904,DQ,182 Dixon Fal,9518585,076-244-29,consumer,7899 Steven Gardens,because
33532,cover,693,BE,750 Willie Lo,2484305,(621)410-1,grow,9121 Michael Junctio,day
23925,car,434,EJ,72385 Harvey,2347662,400-950-14,happen,7445 Kim Oval Apt. 6,edge
92902,summer,140,YS,489 Rachael L,6583116,505-545-05,behavior,2939 Fitzgerald Prai,election
91181,side,452,GT,148 Gary Pine,8778001,(256)409-7,federal,9770 Skinner Heights,magazine
81109,guess,719,FK,34775 April V,8434309,870.024.07,nation,886 Stevens Pines Li,argue
36436,decide,524,QG,2262 Velez Th,8960384,+1-325-127,put,85205 Zimmerman Gree,the
51743,throughout,826,AZ,2613 Ashlee F,2540219,001-330-21,material,1573 Ronald Burgs Su,language
49359,drug,464,ER,34026 Carson,7016806,+1-260-497,bring,2386 Price Summit Su,song
96378,drive,336,ET,533 Saunders,9781031,001-115-36,thus,8060 Brian Squares A,until
19014,team,294,JM,7200 Charles,7250379,+1-367-176,call,483 Christian Island,form
41177,pay,988,QY,939 Frederick,6243536,456.651.93,arm,Unit 0525 Box 5101 D,catch
37837,audience,250,HC,391 Kyle Road,7320315,4021927073,hear,68327 Michael Highwa,deep
73524,management,483,WW,87160 Washing,6971339,001-704-18,worker,8045 Aaron Springs N,treat
55958,authority,216,EY,58933 Martin,1202233,(574)669-2,brother,4293 Adams Shore Apt,administratio
57032,teach,604,FS,8231 Duke Spu,1737453,+1-739-550,onto,362 Anderson Junctio,far
70753,later,106,YN,00905 Kathy L,1081155,(987)946-4,special,52463 Todd Squares S,game
50112,star,660,KO,562 Christina,7573513,001-028-29,time,7188 Jeremy Turnpike,far
84319,capital,172,GP,79717 Ortiz C,4846813,+1-277-827,chance,7101 Edwards Lake Ha,message
92637,own,810,US,Unit 0424 Box,2302464,001-629-52,design,02485 Richardson Mou,eight
74642,north,894,AB,387 Dustin Vi,2823147,763-004-64,foot,USS Alvarado FPO AE,car
30971,prevent,769,KZ,5888 Robinson,8092189,(942)958-4,artist,57866 Alexander Inle,else
82680,group,727,XQ,15426 Thomas,8861360,613.554.23,item,2937 Darren Shore Do,available
14417,consumer,428,PM,047 Andrea Bu,2063887,673.568.17,democratic,29759 Cathy Ramp Sui,hundred
45204,market,566,SB,4890 Andrea C,8680132,(976)304-8,personal,69261 David Roads Ap,process
59258,into,343,PR,070 Cole Fall,5375123,(639)143-8,service,4560 Palmer View Lak,street
79938,eat,440,LN,57207 Elijah,3487000,+1-891-425,agency,Unit 6964 Box 4609 D,positive
34157,worry,331,SY,2052 John Row,4239813,813.160.73,spring,85738 Joseph Radial,agree
22487,fall,437,OI,437 William R,8897961,+1-494-937,internatio,5547 David Bridge We,plant
39932,from,533,YJ,9517 Jonathan,7219940,001-009-66,low,287 Neal Heights Apt,not
19429,different,293,UI,7409 Aaron Lo,9773760,104.770.53,half,70488 Austin Viaduct,clear
19367,building,878,YA,30436 Sean Li,6924875,172.125.31,staff,USNS Clark FPO AE 35,indeed
40105,value,841,PG,071 Rodriguez,7946172,607.250.04,service,202 Melinda Fork Por,black
94434,thus,626,AZ,730 Rhodes Fo,2445505,+1-413-981,affect,45428 Orr Key Suite,somebody
54935,she,607,MM,396 George St,5439380,2589068618,sure,484 Banks Alley Leon,start
49457,knowledge,307,WD,USNS Lam FPO,7049044,(289)356-6,arm,Unit 7266 Box 7385 D,similar
86656,capital,755,UK,768 Steele Lo,3608524,031-842-08,day,56222 Angela Turnpik,their
87796,source,110,OI,4792 Shannon,2504666,001-923-21,bill,61752 Susan Square E,drug
30470,than,531,EM,230 Thompson,8532303,7795015005,employee,99992 Katherine Tunn,sea
26397,old,721,KK,06916 Todd Cr,3854472,(900)651-2,nation,USS Fisher FPO AA 35,choice
29358,cost,940,TA,USS Gonzalez,3005344,(621)702-2,factor,93021 Kevin Shoals L,age
36618,laugh,805,GB,830 Schultz C,5104792,535.368.44,where,8203 Jessica Light S,answer
65240,miss,241,QX,4189 Alexande,6382202,7999108827,might,609 Anthony Overpass,exactly
72308,sort,109,UY,105 James Cli,8229337,7747493458,here,7788 Vega Walk North,pull
52998,partner,152,HK,787 Jeremy Ex,2049528,864.799.46,job,034 Michael Prairie,product
83427,hope,391,XE,9790 Brown Vi,3627724,(064)959-1,enter,640 Fernandez Crossi,message
40966,door,561,WS,3997 Russell,2598451,245.617.62,simply,5915 Wise Key Port A,back
27098,federal,715,YK,727 Dawn Rout,1959535,(166)824-1,activity,844 Arroyo Expresswa,Republican
